18,5,22.5
18,4.5,23
17.5,5,23
19,4.5,23
18,4.5,24
17.5,5,24
17,5.5,24
17,5.5,23
18,4.5,25
17.5,5,25
19,4.5,24
17,5.5,25
18,5,25.5
19,4.5,25
17,5.5,26
18.5,5,26
18,5.5,26
19,5,20.5
19,4.5,21
18.5,5,21
20,4.5,21
19,4.5,22
18.5,5,22
18,5.5,22
18,5.5,21
20,4.5,22
20,4.5,23
20,4.5,24
19,4.5,26
20,4.5,25
19,4.5,27
18.5,5,27
20,4.5,26
18,5.5,27
19,5,27.5
20,4.5,27
18,5.5,28
19.5,5,28
19,5.5,28
20,5,19.5
20,4.5,20
19.5,5,20
21,4.5,20
19,5.5,20
21,4.5,21
21,4.5,22
21,4.5,23
21,4.5,24
21,4.5,25
21,4.5,26
20,4.5,28
21,4.5,27
20,5,28.5
21,4.5,28
19,5.5,29
20.5,5,29
20,5.5,29
21,5,18.5
21,4.5,19
20.5,5,19
22,5,18.5
22,4.5,19
20,5.5,19
22,4.5,20
22,4.5,21
22,4.5,22
22,4.5,23
22,4.5,24
22,4.5,25
22,4.5,26
22,4.5,27
21,4.5,29
22,4.5,28
21,5,29.5
22,4.5,29
20,5.5,30
22,5,29.5
22,5.5,30
21,5.5,30
23,4.5,19
23,4.5,20
23,4.5,21
23,4.5,22
23,4.5,23
23,4.5,24
23,4.5,25
23,4.5,26
23,4.5,27
23,4.5,28
23,4.5,29
22.5,5,30
23,5,17.5
23,4.5,18
22.5,5,18
24,5,17.5
24,4.5,18
22,5.5,18
24,4.5,19
24,4.5,20
24,4.5,21
24,4.5,22
24,4.5,23
24,4.5,24
24,4.5,25
24,4.5,26
24,4.5,27
24,4.5,28
23,4.5,30
24,4.5,29
23,5,30.5
24,4.5,30
22,5.5,31
24,5,30.5
24,5.5,31
23,5.5,31
25,5,17.5
25,4.5,18
25,4.5,19
25,4.5,20
25,4.5,21
25,4.5,22
25,4.5,23
25,4.5,24
25,4.5,25
25,4.5,26
25,4.5,27
25,4.5,28
25,4.5,29
25,4.5,30
25,5,30.5
25,5.5,31
25.5,5,18
26,4.5,19
26,4.5,20
26,4.5,21
26,4.5,22
26,4.5,23
26,4.5,24
26,4.5,25
26,4.5,26
26,4.5,27
26,4.5,28
26,4.5,29
26,5,29.5
25.5,5,30
26,5.5,31
26,5,18.5
26,5.5,18
27,5,18.5
27,4.5,19
27,4.5,20
27,4.5,21
27,4.5,22
27,4.5,23
27,4.5,24
27,4.5,25
27,4.5,26
27,4.5,27
27,4.5,28
27,4.5,29
27,5,29.5
27,5.5,30
26,5.5,30
27.5,5,19
28,4.5,20
28,4.5,21
28,4.5,22
28,4.5,23
28,4.5,24
28,4.5,25
28,4.5,26
28,4.5,27
28,4.5,28
28,5,28.5
27.5,5,29
28,5.5,30
28,5,19.5
28,5.5,19
28.5,5,20
29,4.5,21
29,4.5,22
29,4.5,23
29,4.5,24
29,4.5,25
29,4.5,26
29,4.5,27
29,5,27.5
28.5,5,28
28,5.5,29
29,5.5,29
29,5,20.5
29,5.5,20
29.5,5,21
29.5,5,22
30,4.5,23
30,4.5,24
30,4.5,25
30,5,25.5
29.5,5,26
29.5,5,27
29,5.5,28
30,5.5,28
30,5.5,21
30,5.5,22
30,5,22.5
30.5,5,23
30.5,5,24
30.5,5,25
30,5.5,26
31,5.5,26
30,5.5,27
31,5.5,23
31,5.5,24
31,5.5,25
16,6,20.5
16,5.5,21
15.5,6,21
17,5.5,21
16,5.5,22
15.5,6,22
15,6.5,22
15,6.5,21
16,5.5,23
15.5,6,23
17,5.5,22
15,6.5,23
16,5.5,24
15.5,6,24
15,6.5,24
16,5.5,25
15.5,6,25
15,6.5,25
16,5.5,26
15.5,6,26
15,6.5,26
16,5.5,27
15.5,6,27
15,6.5,27
16,6,27.5
17,5.5,27
15,6.5,28
16.5,6,28
16,6.5,28
17,6,18.5
17,5.5,19
16.5,6,19
18,5.5,19
17,5.5,20
16.5,6,20
16,6.5,20
16,6.5,19
18,5.5,20
17,5.5,28
17,5.5,29
16.5,6,29
16,6.5,29
17,6,29.5
18,5.5,29
16,6.5,30
17.5,6,30
17,6.5,30
18,6,17.5
18,5.5,18
17.5,6,18
19,5.5,18
17,6.5,18
19,5.5,19
18,5.5,30
18,6,30.5
19,5.5,30
17,6.5,31
18.5,6,31
18,6.5,31
19,6,16.5
19,5.5,17
18.5,6,17
20,6,16.5
20,5.5,17
18,6.5,17
20,5.5,18
19,5.5,31
19,6,31.5
20,5.5,31
18,6.5,32
20,6,31.5
20,6.5,32
19,6.5,32
21,5.5,17
21,5.5,18
21,5.5,31
20.5,6,32
21,6,15.5
21,5.5,16
20.5,6,16
22,6,15.5
22,5.5,16
20,6.5,16
22,5.5,17
21,5.5,32
21,6,32.5
22,5.5,32
20,6.5,33
22,6,32.5
22,6.5,33
21,6.5,33
23,6,15.5
23,5.5,16
23,5.5,17
23,5.5,32
23,6,32.5
23,6.5,33
24,6,15.5
24,5.5,16
24,5.5,17
24,5.5,32
24,6,32.5
24,6.5,33
25,6,15.5
25,5.5,16
25,5.5,17
25,5.5,32
25,6,32.5
25,6.5,33
26,6,15.5
26,5.5,16
26,5.5,17
26,5.5,32
26,6,32.5
26,6.5,33
27,6,15.5
27,5.5,16
27,5.5,17
27,5.5,18
27,5.5,31
27,5.5,32
27,6,32.5
27,6.5,33
27.5,6,16
28,5.5,17
28,5.5,18
28,5.5,31
28,6,31.5
27.5,6,32
28,6.5,33
28,6,16.5
28,6.5,16
29,6,16.5
29,5.5,17
29,5.5,18
29,5.5,19
29,5.5,30
29,5.5,31
29,6,31.5
29,6.5,32
28,6.5,32
29.5,6,17
30,5.5,18
30,5.5,19
30,5.5,20
30,5.5,29
30,5.5,30
30,6,30.5
29.5,6,31
30,6.5,32
30,6,17.5
30,6.5,17
30.5,6,18
31,5.5,19
31,5.5,20
31,5.5,21
31,5.5,22
31,5.5,27
31,5.5,28
31,5.5,29
31,6,29.5
30.5,6,30
30,6.5,31
31,6.5,31
31,6,18.5
31,6.5,18
31.5,6,19
31.5,6,20
32,5.5,21
32,5.5,22
32,5.5,23
32,5.5,24
32,5.5,25
32,5.5,26
32,5.5,27
32,6,27.5
31.5,6,28
31.5,6,29
31,6.5,30
32,6.5,30
32,6.5,19
32,6.5,20
32,6,20.5
32.5,6,21
32.5,6,22
32.5,6,23
32.5,6,24
32.5,6,25
32.5,6,26
32.5,6,27
32,6.5,28
33,6.5,28
32,6.5,29
33,6.5,21
33,6.5,22
33,6.5,23
33,6.5,24
33,6.5,25
33,6.5,26
33,6.5,27
14,7,20.5
14,6.5,21
13.5,7,21
14,6.5,22
13.5,7,22
13,7.5,22
13,7.5,21
14,6.5,23
13.5,7,23
13,7.5,23
14,6.5,24
13.5,7,24
13,7.5,24
14,6.5,25
13.5,7,25
13,7.5,25
14,6.5,26
13.5,7,26
13,7.5,26
14,6.5,27
13.5,7,27
13,7.5,27
14,7,27.5
13,7.5,28
14.5,7,28
14,7.5,28
15,7,18.5
15,6.5,19
14.5,7,19
15,6.5,20
14.5,7,20
14,7.5,20
14,7.5,19
15,6.5,29
14.5,7,29
14,7.5,29
15,7,29.5
14,7.5,30
15.5,7,30
15,7.5,30
16,7,17.5
16,6.5,18
15.5,7,18
15,7.5,18
16,7,30.5
15,7.5,31
16.5,7,31
16,7.5,31
17,7,16.5
17,6.5,17
16.5,7,17
16,7.5,17
17,7,31.5
16,7.5,32
17.5,7,32
17,7.5,32
18,7,15.5
18,6.5,16
17.5,7,16
19,6.5,16
17,7.5,16
18,7,32.5
17,7.5,33
18.5,7,33
18,7.5,33
19,7,14.5
19,6.5,15
18.5,7,15
20,7,14.5
20,6.5,15
18,7.5,15
19,6.5,33
19,7,33.5
18,7.5,34
20,7,33.5
20,7.5,34
19,7.5,34
21,6.5,15
20.5,7,34
21,7,13.5
21,6.5,14
20.5,7,14
22,7,13.5
22,6.5,14
20,7.5,14
22,6.5,15
21,6.5,34
21,7,34.5
22,6.5,34
20,7.5,35
22,7,34.5
22,7.5,35
21,7.5,35
23,7,13.5
23,6.5,14
23,6.5,15
23,6.5,34
23,7,34.5
23,7.5,35
24,7,13.5
24,6.5,14
24,6.5,15
24,6.5,34
24,7,34.5
24,7.5,35
25,7,13.5
25,6.5,14
25,6.5,15
25,6.5,34
25,7,34.5
25,7.5,35
26,7,13.5
26,6.5,14
26,6.5,15
26,6.5,34
26,7,34.5
26,7.5,35
27,7,13.5
27,6.5,14
27,6.5,15
27,6.5,34
27,7,34.5
27,7.5,35
27.5,7,14
28,6.5,15
28,7,33.5
27.5,7,34
28,7.5,35
28,7,14.5
28,7.5,14
29,7,14.5
29,6.5,15
29,6.5,16
29,6.5,33
29,7,33.5
29,7.5,34
28,7.5,34
29.5,7,15
30,6.5,16
30,7,32.5
29.5,7,33
30,7.5,34
30,7,15.5
30,7.5,15
30.5,7,16
31,6.5,17
31,7,31.5
30.5,7,32
30,7.5,33
31,7.5,33
31,7,16.5
31,7.5,16
31.5,7,17
32,6.5,18
32,7,30.5
31.5,7,31
31,7.5,32
32,7.5,32
32,7,17.5
32,7.5,17
32.5,7,18
33,6.5,19
33,6.5,20
33,6.5,29
33,7,29.5
32.5,7,30
32,7.5,31
33,7.5,31
33,7,18.5
33,7.5,18
33.5,7,19
33.5,7,20
34,6.5,21
34,6.5,22
34,6.5,23
34,6.5,24
34,6.5,25
34,6.5,26
34,6.5,27
34,7,27.5
33.5,7,28
33.5,7,29
33,7.5,30
34,7.5,30
34,7.5,19
34,7.5,20
34,7,20.5
34.5,7,21
34.5,7,22
34.5,7,23
34.5,7,24
34.5,7,25
34.5,7,26
34.5,7,27
34,7.5,28
35,7.5,28
34,7.5,29
35,7.5,21
35,7.5,22
35,7.5,23
35,7.5,24
35,7.5,25
35,7.5,26
35,7.5,27
13,8,19.5
13,7.5,20
12.5,8,20
12.5,8,21
12,8.5,21
12,8.5,20
12.5,8,22
12,8.5,22
12.5,8,23
12,8.5,23
12.5,8,24
12,8.5,24
12.5,8,25
12,8.5,25
12.5,8,26
12,8.5,26
12.5,8,27
12,8.5,27
12.5,8,28
12,8.5,28
13,8,28.5
12,8.5,29
13.5,8,29
13,8.5,29
14,8,17.5
14,7.5,18
13.5,8,18
13.5,8,19
13,8.5,19
13,8.5,18
13.5,8,30
13,8.5,30
14,8,30.5
13,8.5,31
14.5,8,31
14,8.5,31
15,8,16.5
15,7.5,17
14.5,8,17
14,8.5,17
15,8,31.5
14,8.5,32
15.5,8,32
15,8.5,32
16,8,15.5
16,7.5,16
15.5,8,16
15,8.5,16
16,8,32.5
15,8.5,33
16.5,8,33
16,8.5,33
17,8,14.5
17,7.5,15
16.5,8,15
16,8.5,15
17,8,33.5
16,8.5,34
17.5,8,34
17,8.5,34
18,8,13.5
18,7.5,14
17.5,8,14
19,8,13.5
19,7.5,14
17,8.5,14
18,8,34.5
17,8.5,35
19,8,34.5
19,8.5,35
18,8.5,35
19.5,8,35
20,8,12.5
20,7.5,13
19.5,8,13
21,8,12.5
21,7.5,13
19,8.5,13
20,8,35.5
19,8.5,36
21,8,35.5
21,8.5,36
20,8.5,36
22,8,12.5
22,7.5,13
22,8,35.5
22,8.5,36
23,8,12.5
23,7.5,13
23,8,35.5
23,8.5,36
24,8,12.5
24,7.5,13
24,8,35.5
24,8.5,36
25,8,12.5
25,7.5,13
25,8,35.5
25,8.5,36
26,8,12.5
26,7.5,13
26,8,35.5
26,8.5,36
27,8,12.5
27,7.5,13
27,8,35.5
27,8.5,36
28,8,12.5
28,7.5,13
28,8,35.5
28,8.5,36
28.5,8,13
29,7.5,14
29,8,34.5
28.5,8,35
29,8.5,36
29,8,13.5
29,8.5,13
30,8,13.5
30,7.5,14
30,8,34.5
30,8.5,35
29,8.5,35
30.5,8,14
31,7.5,15
31,8,33.5
30.5,8,34
31,8.5,35
31,8,14.5
31,8.5,14
31.5,8,15
32,7.5,16
32,8,32.5
31.5,8,33
31,8.5,34
32,8.5,34
32,8,15.5
32,8.5,15
32.5,8,16
33,7.5,17
33,8,31.5
32.5,8,32
32,8.5,33
33,8.5,33
33,8,16.5
33,8.5,16
33.5,8,17
34,7.5,18
34,8,30.5
33.5,8,31
33,8.5,32
34,8.5,32
34,8,17.5
34,8.5,17
34.5,8,18
34.5,8,19
35,7.5,20
35,8,28.5
34.5,8,29
34.5,8,30
34,8.5,31
35,8.5,31
35,8.5,18
35,8.5,19
35,8,19.5
35.5,8,20
35.5,8,21
35.5,8,22
35.5,8,23
35.5,8,24
35.5,8,25
35.5,8,26
35.5,8,27
35.5,8,28
35,8.5,29
36,8.5,29
35,8.5,30
36,8.5,20
36,8.5,21
36,8.5,22
36,8.5,23
36,8.5,24
36,8.5,25
36,8.5,26
36,8.5,27
36,8.5,28
11,9,21.5
11,8.5,22
10.5,9,22
11,8.5,23
10.5,9,23
10,9.5,23
10,9.5,22
11,8.5,24
10.5,9,24
10,9.5,24
11,8.5,25
10.5,9,25
10,9.5,25
11,8.5,26
10.5,9,26
10,9.5,26
11,9,26.5
11,9.5,27
10,10,26.5
10.5,10,27
11.5,9,27
12,9,18.5
12,8.5,19
11.5,9,19
11.5,9,20
11,9.5,20
11,9.5,19
11.5,9,21
11,9.5,21
11.5,9,28
11,9.5,28
11.5,9,29
11,9.5,29
12,9,29.5
12,9.5,30
11,10,29.5
11.5,10,30
12.5,9,30
13,9,16.5
13,8.5,17
12.5,9,17
12.5,9,18
12,9.5,18
12,9.5,17
12.5,9,31
12,9.5,31
13,9,31.5
13,9.5,32
12,10,31.5
12.5,10,32
13.5,9,32
14,9,15.5
14,8.5,16
13.5,9,16
13,9.5,16
14,9,32.5
13,9.5,33
14.5,9,33
14,9.5,33
15,9,14.5
15,8.5,15
14.5,9,15
14,9.5,15
15,9,33.5
14,9.5,34
15.5,9,34
15,9.5,34
16,9,13.5
16,8.5,14
15.5,9,14
15,9.5,14
16,9,34.5
15,9.5,35
16.5,9,35
16,9.5,35
17,9,12.5
17,8.5,13
16.5,9,13
18,9,12.5
18,8.5,13
16,9.5,13
17,9,35.5
17,9.5,36
16,10,35.5
16.5,10,36
18,9,35.5
18,9.5,36
18.5,9,36
19,9,11.5
19,8.5,12
18.5,9,12
20,9,11.5
20,8.5,12
18,9.5,12
19,9,36.5
19,9.5,37
18,10,36.5
18.5,10,37
20,9,36.5
20,9.5,37
21,9,11.5
21,8.5,12
21,9,36.5
21,9.5,37
22,8.5,12
21.5,9,37
22,9,10.5
22,8.5,11
21.5,9,11
23,9,10.5
23,8.5,11
21,9.5,11
23,8.5,12
22,8.5,37
22,9,37.5
23,8.5,37
22,9.5,38
21,10,37.5
21.5,10,38
23,9,37.5
23,9.5,38
24,9,10.5
24,8.5,11
24,8.5,12
24,8.5,37
24,9,37.5
24,9.5,38
25,9,10.5
25,8.5,11
25,8.5,12
25,8.5,37
25,9,37.5
25,9.5,38
26,9,10.5
26,8.5,11
26,8.5,12
26,8.5,37
26,9,37.5
26,9.5,38
26.5,9,11
27,8.5,12
27,9,36.5
26.5,9,37
27,9,11.5
27,9.5,11
28,9,11.5
28,8.5,12
28,9,36.5
28,9.5,37
27,9.5,37
27,10,37.5
26.5,10,38
29,9,11.5
29,8.5,12
29,9,36.5
29,9.5,37
29.5,9,12
30,8.5,13
30,9,35.5
29.5,9,36
30,9,12.5
30,9.5,12
31,9,12.5
31,8.5,13
31,9,35.5
31,9.5,36
30,9.5,36
30,10,36.5
29.5,10,37
31.5,9,13
32,8.5,14
32,9,34.5
31.5,9,35
32,9,13.5
32,9.5,13
32.5,9,14
33,8.5,15
33,9,33.5
32.5,9,34
32,9.5,35
33,9.5,35
32,10,35.5
31.5,10,36
33,9,14.5
33,9.5,14
33.5,9,15
34,8.5,16
34,9,32.5
33.5,9,33
33,9.5,34
34,9.5,34
34,9,15.5
34,9.5,15
34.5,9,16
35,8.5,17
35,9,31.5
34.5,9,32
34,9.5,33
35,9.5,33
35,9,16.5
35,9.5,16
35.5,9,17
35.5,9,18
36,8.5,19
36,9,29.5
35.5,9,30
35.5,9,31
35,9.5,32
36,9.5,17
36,9.5,18
36,9,18.5
36.5,9,19
36.5,9,20
36.5,9,21
37,8.5,22
37,8.5,23
37,8.5,24
37,8.5,25
37,8.5,26
37,9,26.5
36.5,9,27
36.5,9,28
36.5,9,29
36,9.5,30
36,9.5,31
36,10,31.5
35.5,10,32
37,9.5,19
37,9.5,20
37,9.5,21
37,9,21.5
37.5,9,22
37.5,9,23
37.5,9,24
37.5,9,25
37.5,9,26
37,9.5,27
37,9.5,28
37,9.5,29
37,10,29.5
36.5,10,30
38,9.5,22
38,9.5,23
38,9.5,24
38,9.5,25
38,9.5,26
38,10,26.5
37.5,10,27
10,10,21.5
9.5,10,22
9.5,10,23
9,10.5,23
9,10.5,22
9.5,10,24
9,10.5,24
9.5,10,25
9,10.5,25
9.5,10,26
9,10.5,26
10,10.5,27
9,11,26.5
9.5,11,27
11,10,18.5
10.5,10,19
10.5,10,20
10,10.5,20
10,10.5,19
10.5,10,21
10,10.5,21
10.5,10,28
10,10.5,28
10.5,10,29
10,10.5,29
11,10.5,30
10,11,29.5
10.5,11,30
12,10,16.5
11.5,10,17
11.5,10,18
11,10.5,18
11,10.5,17
11.5,10,31
11,10.5,31
12,10.5,32
11,11,31.5
11.5,11,32
13,10,14.5
13,9.5,15
12.5,10,15
12.5,10,16
12,10.5,16
12,10.5,15
12.5,10,33
12,10.5,33
13,10,33.5
13,10.5,34
12,11,33.5
12.5,11,34
13.5,10,34
14,10,13.5
14,9.5,14
13.5,10,14
13,10.5,14
14,10,34.5
14,10.5,35
13,11,34.5
13.5,11,35
14.5,10,35
15,10,12.5
15,9.5,13
14.5,10,13
16,10,12.5
14,10.5,13
15,10,35.5
15,10.5,36
14,11,35.5
14.5,11,36
16,10.5,36
17,10,11.5
17,9.5,12
16.5,10,12
18,10,11.5
16,10.5,12
17,10,36.5
17,10.5,37
16,11,36.5
16.5,11,37
18,10.5,37
19,10,10.5
19,9.5,11
18.5,10,11
20,10,10.5
20,9.5,11
18,10.5,11
19,10,37.5
19,10.5,38
18,11,37.5
18.5,11,38
20,10,37.5
20,10.5,38
21,10,10.5
21,10.5,38
22,10,9.5
22,9.5,10
21.5,10,10
23,10,9.5
23,9.5,10
21,10.5,10
22,10,38.5
22,10.5,39
21,11,38.5
21.5,11,39
23,10,38.5
23,10.5,39
24,10,9.5
24,9.5,10
24,10,38.5
24,10.5,39
25,10,9.5
25,9.5,10
25,10,38.5
25,10.5,39
26,10,9.5
26,9.5,10
26,10,38.5
26,10.5,39
26.5,10,10
27,10,10.5
27,10.5,10
28,10,10.5
28,9.5,11
28,10,37.5
28,10.5,38
27,10.5,38
27,11,38.5
26.5,11,39
29,10,10.5
29,9.5,11
29,10,37.5
29,10.5,38
29.5,10,11
30,10,11.5
30,10.5,11
31,10,11.5
31,9.5,12
31,10,36.5
31,10.5,37
30,10.5,37
30,11,37.5
29.5,11,38
31.5,10,12
32,10,12.5
32,10.5,12
33,10,12.5
33,9.5,13
33,10,35.5
33,10.5,36
32,10.5,36
32,11,36.5
31.5,11,37
33.5,10,13
34,9.5,14
34,10,34.5
33.5,10,35
34,10,13.5
34,10.5,13
34.5,10,14
35,9.5,15
35,10,33.5
34.5,10,34
34,10.5,35
34,11,35.5
33.5,11,36
35,10,14.5
35,10.5,14
35.5,10,15
35.5,10,16
35.5,10,33
35,10.5,34
35,11,34.5
34.5,11,35
36,10.5,15
36,10.5,16
36,10,16.5
36.5,10,17
36.5,10,18
36.5,10,31
36,10.5,32
36,10.5,33
36,11,33.5
35.5,11,34
37,10.5,17
37,10.5,18
37,10,18.5
37.5,10,19
37.5,10,20
37.5,10,21
37.5,10,28
37.5,10,29
37,10.5,30
37,10.5,31
37,11,31.5
36.5,11,32
38,10.5,19
38,10.5,20
38,10.5,21
38,10,21.5
38.5,10,22
38.5,10,23
38.5,10,24
38.5,10,25
38.5,10,26
38,10.5,27
38,10.5,28
38,10.5,29
38,11,29.5
37.5,11,30
39,10.5,22
39,10.5,23
39,10.5,24
39,10.5,25
39,10.5,26
39,11,26.5
38.5,11,27
9,11,21.5
8.5,11,22
8.5,12,22
8.5,11,23
8.5,12,23
8.5,11,24
8.5,12,24
8.5,11,25
8.5,12,25
8.5,11,26
8.5,12,26
9,11.5,27
10,11,18.5
9.5,11,19
9.5,11,20
9,11.5,20
9,11.5,19
9.5,11,21
9,11.5,21
9.5,11,28
9,11.5,28
9.5,11,29
9,11.5,29
10,11.5,30
9,12,29.5
9.5,12,30
11,11,16.5
10.5,11,17
10.5,11,18
10,11.5,18
10,11.5,17
10.5,11,31
10,11.5,31
11,11.5,32
10,12,31.5
10.5,12,32
12,11,14.5
11.5,11,15
11.5,11,16
11,11.5,16
11,11.5,15
11.5,11,33
11,11.5,33
12,11.5,34
11,12,33.5
11.5,12,34
13,11,13.5
12.5,11,14
12,11.5,14
13,11.5,35
12,12,34.5
12.5,12,35
14,11,12.5
13.5,11,13
13,11.5,13
14,11.5,36
13,12,35.5
13.5,12,36
15,11,11.5
15,10.5,12
14.5,11,12
16,11,11.5
14,11.5,12
15,11,36.5
15,11.5,37
14,12,36.5
14.5,12,37
16,11.5,37
17,11,10.5
17,10.5,11
16.5,11,11
18,11,10.5
16,11.5,11
17,11,37.5
17,11.5,38
16,12,37.5
16.5,12,38
18,11.5,38
19,11,9.5
19,10.5,10
18.5,11,10
20,11,9.5
20,10.5,10
18,11.5,10
19,11,38.5
19,11.5,39
18,12,38.5
18.5,12,39
20,11,38.5
20,11.5,39
21,11,9.5
21,11.5,39
22,11,8.5
22,10.5,9
21.5,11,9
22,12,8.5
23,11,8.5
23,12,8.5
23,10.5,9
21,11.5,9
22,11,39.5
22,12,39.5
23,11,39.5
23,12,39.5
24,11,8.5
24,12,8.5
24,10.5,9
24,11,39.5
24,12,39.5
25,11,8.5
25,12,8.5
25,10.5,9
25,11,39.5
25,12,39.5
26,11,8.5
26,12,8.5
26,10.5,9
26,11,39.5
26,12,39.5
26.5,11,9
27,11,9.5
27,11.5,9
28,11,9.5
28,10.5,10
28,11,38.5
28,11.5,39
27,11.5,39
29,11,9.5
29,10.5,10
29,11,38.5
29,11.5,39
29.5,11,10
30,11,10.5
30,11.5,10
31,11,10.5
31,10.5,11
31,11,37.5
31,11.5,38
30,11.5,38
30,12,38.5
29.5,12,39
31.5,11,11
32,11,11.5
32,11.5,11
33,11,11.5
33,10.5,12
33,11,36.5
33,11.5,37
32,11.5,37
32,12,37.5
31.5,12,38
33.5,11,12
34,11,12.5
34,11.5,12
34.5,11,13
34,11.5,36
34,12,36.5
33.5,12,37
35,11,13.5
35,11.5,13
35.5,11,14
35,11.5,35
35,12,35.5
34.5,12,36
36,11,14.5
36,11.5,14
36.5,11,15
36.5,11,16
36.5,11,33
36,11.5,34
36,12,34.5
35.5,12,35
37,11.5,15
37,11.5,16
37,11,16.5
37.5,11,17
37.5,11,18
37.5,11,31
37,11.5,32
37,11.5,33
37,12,33.5
36.5,12,34
38,11.5,17
38,11.5,18
38,11,18.5
38.5,11,19
38.5,11,20
38.5,11,21
38.5,11,28
38.5,11,29
38,11.5,30
38,11.5,31
38,12,31.5
37.5,12,32
39,11.5,19
39,11.5,20
39,11.5,21
39,11,21.5
39.5,11,22
39.5,12,22
39.5,11,23
39.5,11,24
39.5,11,25
39.5,11,26
39,11.5,27
39,11.5,28
39,11.5,29
39,12,29.5
38.5,12,30
39.5,12,23
39.5,12,24
39.5,12,25
39.5,12,26
9,12,18.5
8.5,12,19
8.5,13,19
8.5,12,20
8,12.5,20
8,13,19.5
8.5,12,21
8,12.5,21
8,12.5,22
8,12.5,23
8,12.5,24
8,12.5,25
8,12.5,26
8.5,12,27
8,12.5,27
8.5,12,28
8,12.5,28
8.5,12,29
8.5,13,29
9,12.5,30
10,12,16.5
9.5,12,17
9.5,12,18
9,12.5,18
9,12.5,17
9.5,12,31
9,12.5,31
10,12.5,32
9,13,31.5
9.5,13,32
11,12,14.5
10.5,12,15
10.5,12,16
10,12.5,16
10,12.5,15
10.5,12,33
10,12.5,33
11,12.5,34
10,13,33.5
10.5,13,34
12,12,13.5
11.5,12,14
11,12.5,14
12,12.5,35
11,13,34.5
11.5,13,35
13,12,12.5
12.5,12,13
12,12.5,13
13,12.5,36
12,13,35.5
12.5,13,36
14,12,11.5
13.5,12,12
13,12.5,12
14,12.5,37
13,13,36.5
13.5,13,37
15,12,10.5
15,11.5,11
14.5,12,11
16,12,10.5
14,12.5,11
15,12,37.5
15,12.5,38
14,13,37.5
14.5,13,38
16,12.5,38
17,12,9.5
17,11.5,10
16.5,12,10
18,12,9.5
16,12.5,10
17,12,38.5
17,12.5,39
16,13,38.5
16.5,13,39
18,12.5,39
19,12,8.5
19,11.5,9
18.5,12,9
19,13,8.5
20,12,8.5
20,11.5,9
18,12.5,9
19,12,39.5
19,13,39.5
20,12,39.5
20,12.5,40
19.5,13,40
21,12,8.5
21,12,39.5
21,12.5,40
22,12.5,40
23,12.5,40
24,12.5,40
25,12.5,40
26,12.5,40
27,12,8.5
27,12,39.5
27,12.5,40
28,12,8.5
28,11.5,9
28,12,39.5
28,12.5,40
29,12,8.5
29,11.5,9
29,12,39.5
29.5,12,9
29,13,8.5
29,13,39.5
28.5,13,40
30,12,9.5
30,12.5,9
31,12,9.5
31,11.5,10
31,12,38.5
31,12.5,39
30,12.5,39
31.5,12,10
32,12,10.5
32,12.5,10
33,12,10.5
33,11.5,11
33,12,37.5
33,12.5,38
32,12.5,38
32,13,38.5
31.5,13,39
33.5,12,11
34,12,11.5
34,12.5,11
34.5,12,12
34,12.5,37
34,13,37.5
33.5,13,38
35,12,12.5
35,12.5,12
35.5,12,13
35,12.5,36
35,13,36.5
34.5,13,37
36,12,13.5
36,12.5,13
36.5,12,14
36,12.5,35
36,13,35.5
35.5,13,36
37,12,14.5
37,12.5,14
37.5,12,15
37.5,12,16
37.5,12,33
37,12.5,34
37,13,34.5
36.5,13,35
38,12.5,15
38,12.5,16
38,12,16.5
38.5,12,17
38.5,12,18
38.5,12,31
38,12.5,32
38,12.5,33
38,13,33.5
37.5,13,34
39,12.5,17
39,12.5,18
39,12,18.5
39.5,12,19
39.5,13,19
39.5,12,20
39.5,12,21
39.5,12,27
39.5,12,28
39.5,12,29
39,12.5,30
39,12.5,31
39,13,31.5
38.5,13,32
40,13,19.5
40,12.5,20
40,12.5,21
40,12.5,22
40,12.5,23
40,12.5,24
40,12.5,25
40,12.5,26
40,12.5,27
40,12.5,28
39.5,13,29
7.5,13,20
7.5,14,20
7.5,13,21
7,13.5,21
7,14,20.5
7.5,13,22
7,13.5,22
7.5,13,23
7,13.5,23
7.5,13,24
7,13.5,24
7.5,13,25
7,13.5,25
7.5,13,26
7,13.5,26
7.5,13,27
7,13.5,27
7.5,13,28
8,13,28.5
7.5,14,28
8,13.5,29
9,13,16.5
8.5,13,17
8.5,14,17
8.5,13,18
8,13.5,18
8,14,17.5
8,13.5,19
8.5,13,30
8,13.5,30
8.5,13,31
8.5,14,31
9,13.5,32
10,13,14.5
9.5,13,15
9.5,14,15
9.5,13,16
9,13.5,16
9,14,15.5
9.5,13,33
9.5,14,33
10,13.5,34
11,13,13.5
10.5,13,14
10,13.5,14
11,13.5,35
10,14,34.5
10.5,14,35
12,13,12.5
11.5,13,13
11,13.5,13
12,13.5,36
11,14,35.5
11.5,14,36
13,13,11.5
12.5,13,12
12,13.5,12
13,13.5,37
12,14,36.5
12.5,14,37
14,13,10.5
13.5,13,11
13,13.5,11
14,13.5,38
13,14,37.5
13.5,14,38
15,13,9.5
15,12.5,10
14.5,13,10
15,14,9.5
16,13,9.5
14,13.5,10
15,13,38.5
15,14,38.5
16,13.5,39
15.5,14,39
17,13,8.5
17,12.5,9
16.5,13,9
17,14,8.5
18,13,8.5
16,13.5,9
17,13,39.5
17,14,39.5
18,13,39.5
18,13.5,40
17.5,14,40
19,13.5,40
20,13,7.5
20,12.5,8
19.5,13,8
20,14,7.5
21,13,7.5
21,12.5,8
19,13.5,8
20,13,40.5
20,14,40.5
21,13,40.5
21,13.5,41
20.5,14,41
22,13,7.5
22,12.5,8
22,13,40.5
22,13.5,41
23,13,7.5
23,12.5,8
23,13,40.5
23,13.5,41
24,13,7.5
24,12.5,8
24,13,40.5
24,13.5,41
25,13,7.5
25,12.5,8
25,13,40.5
25,13.5,41
26,13,7.5
26,12.5,8
26,13,40.5
26,13.5,41
27,13,7.5
27,12.5,8
27,13,40.5
27,13.5,41
28,13,7.5
28,12.5,8
28,13,40.5
28.5,13,8
28,14,7.5
28,14,40.5
27.5,14,41
29,13.5,8
30,13,8.5
30,13,39.5
30,13.5,40
29,13.5,40
31,13,8.5
31,12.5,9
31,13,39.5
31.5,13,9
31,14,8.5
31,14,39.5
30.5,14,40
32,13,9.5
32,13.5,9
33,13,9.5
33,12.5,10
33,13,38.5
32,13.5,39
33.5,13,10
33,14,9.5
33,14,38.5
32.5,14,39
34,13,10.5
34,13.5,10
34.5,13,11
34,13.5,38
35,13,11.5
35,13.5,11
35.5,13,12
35,13.5,37
35,14,37.5
34.5,14,38
36,13,12.5
36,13.5,12
36.5,13,13
36,13.5,36
36,14,36.5
35.5,14,37
37,13,13.5
37,13.5,13
37.5,13,14
37,13.5,35
37,14,35.5
36.5,14,36
38,13,14.5
38,13.5,14
38.5,13,15
38.5,14,15
38.5,13,16
38.5,13,33
38,13.5,34
38,14,34.5
37.5,14,35
39,14,15.5
39,13.5,16
39,13,16.5
39.5,13,17
39.5,14,17
39.5,13,18
39.5,13,30
39.5,13,31
39,13.5,32
38.5,14,33
40,14,17.5
40,13.5,18
40,13.5,19
40.5,13,20
40.5,14,20
40.5,13,21
40.5,13,22
40.5,13,23
40.5,13,24
40.5,13,25
40.5,13,26
40.5,13,27
40,13,28.5
40.5,13,28
40,13.5,29
40,13.5,30
39.5,14,31
41,14,20.5
41,13.5,21
41,13.5,22
41,13.5,23
41,13.5,24
41,13.5,25
41,13.5,26
41,13.5,27
40.5,14,28
6.5,14,21
6.5,15,21
6.5,14,22
6.5,15,22
6.5,14,23
6.5,15,23
6.5,14,24
6.5,15,24
6.5,14,25
6.5,15,25
6.5,14,26
6.5,15,26
6.5,14,27
6.5,15,27
7,14,27.5
7,14.5,28
7.5,14,18
7.5,15,18
7.5,14,19
7,14.5,19
7,15,18.5
7,14.5,20
7.5,14,29
7,14.5,29
7.5,14,30
8,14,30.5
7.5,15,30
8,14.5,31
8.5,14,16
8.5,15,16
8,14.5,17
8,15,16.5
8.5,14,32
9,14,32.5
8.5,15,32
9,14.5,33
10,14,13.5
9.5,14,14
9.5,15,14
9,14.5,15
9,15,14.5
9.5,14,34
9.5,15,34
10,14.5,35
11,14,12.5
10.5,14,13
10,14.5,13
11,14.5,36
10,15,35.5
10.5,15,36
12,14,11.5
11.5,14,12
11,14.5,12
12,14.5,37
11,15,36.5
11.5,15,37
13,14,10.5
12.5,14,11
12,14.5,11
13,14.5,38
12,15,37.5
12.5,15,38
14,14,9.5
13.5,14,10
14,15,9.5
13,14.5,10
14,14,38.5
14,15,38.5
15,14.5,39
14.5,15,39
16,14,8.5
15.5,14,9
16,15,8.5
15,14.5,9
16,14,39.5
16,15,39.5
17,14.5,40
16.5,15,40
18,14,7.5
18,13.5,8
17.5,14,8
18,15,7.5
19,14,7.5
17,14.5,8
18,14,40.5
18,15,40.5
19,14,40.5
19,14.5,41
18.5,15,41
20,14.5,41
21,14,6.5
21,13.5,7
20.5,14,7
21,15,6.5
22,14,6.5
22,15,6.5
22,13.5,7
20,14.5,7
21,14,41.5
21,15,41.5
22,14,41.5
22,15,41.5
23,14,6.5
23,15,6.5
23,13.5,7
23,14,41.5
23,15,41.5
24,14,6.5
24,15,6.5
24,13.5,7
24,14,41.5
24,15,41.5
25,14,6.5
25,15,6.5
25,13.5,7
25,14,41.5
25,15,41.5
26,14,6.5
26,15,6.5
26,13.5,7
26,14,41.5
26,15,41.5
27,14,6.5
27,15,6.5
27,13.5,7
27,14,41.5
27,15,41.5
27.5,14,7
28,14.5,7
29,14,7.5
29,14,40.5
29,14.5,41
28,14.5,41
30,14,7.5
30,13.5,8
30,14,40.5
30.5,14,8
30,15,7.5
30,15,40.5
29.5,15,41
31,14.5,8
32,14,8.5
32,14,39.5
31,14.5,40
32.5,14,9
32,15,8.5
32,15,39.5
31.5,15,40
33,14.5,9
34,14,9.5
34,14,38.5
33,14.5,39
34.5,14,10
34,15,9.5
34,15,38.5
33.5,15,39
35,14,10.5
35,14.5,10
35.5,14,11
35,14.5,38
36,14,11.5
36,14.5,11
36.5,14,12
36,14.5,37
36,15,37.5
35.5,15,38
37,14,12.5
37,14.5,12
37.5,14,13
37,14.5,36
37,15,36.5
36.5,15,37
38,14,13.5
38,14.5,13
38.5,14,14
38.5,15,14
38.5,14,34
38,14.5,35
38,15,35.5
37.5,15,36
39,15,14.5
39,14.5,15
39.5,14,16
39.5,15,16
39,14,32.5
39.5,14,32
39,14.5,33
38.5,15,34
40,15,16.5
40,14.5,17
40.5,14,18
40.5,15,18
40.5,14,19
40.5,14,29
40,14,30.5
40.5,14,30
40,14.5,31
39.5,15,32
41,15,18.5
41,14.5,19
41,14.5,20
41.5,14,21
41.5,15,21
41.5,14,22
41.5,14,23
41.5,14,24
41.5,14,25
41.5,14,26
41,14,27.5
41.5,14,27
41,14.5,28
41,14.5,29
40.5,15,30
41.5,15,22
41.5,15,23
41.5,15,24
41.5,15,25
41.5,15,26
41.5,15,27
6.5,15,19
6.5,16,19
6.5,15,20
6.5,16,20
6,15.5,21
6,16,20.5
6,15.5,22
6,15.5,23
6,15.5,24
6,15.5,25
6,15.5,26
6,15.5,27
6.5,15,28
6.5,15,29
6.5,16,29
6.5,16,28
7,15,29.5
7,15.5,30
7.5,15,17
7.5,16,17
7,15.5,18
7,16,17.5
7.5,15,31
8,15,31.5
7.5,16,31
8,15.5,32
8.5,15,15
8.5,16,15
8,15.5,16
8,16,15.5
8.5,15,33
9,15,33.5
8.5,16,33
9,15.5,34
10,15,12.5
9.5,15,13
9.5,16,13
10,16,12.5
9,15.5,14
9,16,13.5
9.5,15,35
10,16,35.5
9.5,16,35
10.5,16,36
11,15,11.5
10.5,15,12
10.5,16,12
11,16,11.5
11,16,36.5
11.5,16,37
12,15,10.5
11.5,15,11
11.5,16,11
12,16,10.5
12,16,37.5
12.5,16,38
13,15,9.5
12.5,15,10
12.5,16,10
13,16,9.5
13,15,38.5
13,16,38.5
14,15.5,39
13.5,16,39
15,15,8.5
14.5,15,9
15,16,8.5
14,15.5,9
15,15,39.5
15,16,39.5
16,15.5,40
15.5,16,40
17,15,7.5
16.5,15,8
17,16,7.5
16,15.5,8
17,15,40.5
17,16,40.5
18,15.5,41
17.5,16,41
19,15,6.5
19,14.5,7
18.5,15,7
19,16,6.5
20,15,6.5
20,16,6.5
18,15.5,7
19,15,41.5
19,16,41.5
20,15,41.5
20,16,41.5
21,15.5,42
20.5,16,42
22,15.5,42
23,15.5,42
24,15.5,42
25,15.5,42
26,15.5,42
27,15.5,42
28,15,6.5
28,15,41.5
29,15,6.5
28,16,6.5
29,16,6.5
29,14.5,7
29,15,41.5
29,16,41.5
28,16,41.5
27.5,16,42
29.5,15,7
30,15.5,7
31,15,7.5
31,15,40.5
30,15.5,41
31.5,15,8
31,16,7.5
31,16,40.5
30.5,16,41
32,15.5,8
33,15,8.5
33,15,39.5
32,15.5,40
33.5,15,9
33,16,8.5
33,16,39.5
32.5,16,40
34,15.5,9
35,15,9.5
35,15,38.5
34,15.5,39
35.5,15,10
35,16,9.5
35.5,16,10
35,16,38.5
34.5,16,39
36,15,10.5
36,16,10.5
36.5,15,11
36.5,16,11
36,16,37.5
35.5,16,38
37,15,11.5
37,16,11.5
37.5,15,12
37.5,16,12
37,16,36.5
36.5,16,37
38,15,12.5
38,16,12.5
38.5,15,13
38.5,16,13
38.5,15,35
38,16,35.5
37.5,16,36
39,16,13.5
39,15.5,14
39.5,15,15
39.5,16,15
39,15,33.5
39.5,15,33
39,15.5,34
38.5,16,35
40,16,15.5
40,15.5,16
40.5,15,17
40.5,16,17
40,15,31.5
40.5,15,31
40,15.5,32
39.5,16,33
41,16,17.5
41,15.5,18
41.5,15,19
41.5,16,19
41.5,15,20
41.5,15,28
41,15,29.5
41.5,15,29
41,15.5,30
40.5,16,31
41.5,16,20
42,16,20.5
42,15.5,21
42,15.5,22
42,15.5,23
42,15.5,24
42,15.5,25
42,15.5,26
42,15.5,27
41.5,16,28
41.5,16,29
5.5,16,21
5.5,17,21
5.5,16,22
5.5,17,22
5.5,16,23
5.5,17,23
5.5,16,24
5.5,17,24
5.5,16,25
5.5,17,25
5.5,16,26
5.5,17,26
5.5,16,27
5.5,17,27
6,16,27.5
6,16.5,28
6.5,16,18
6.5,17,18
6,16.5,19
6,17,18.5
6,16.5,20
6,16.5,29
6.5,16,30
7,16,30.5
6.5,17,30
7,16.5,31
7.5,16,16
7.5,17,16
7,16.5,17
7,17,16.5
7.5,16,32
8,16,32.5
7.5,17,32
8,16.5,33
8.5,16,14
8.5,17,14
8,16.5,15
8,17,14.5
8.5,16,34
9,16,34.5
8.5,17,34
9,16.5,35
9,16.5,13
10,16.5,36
9,17,35.5
9.5,17,36
10,16.5,12
11,16.5,37
10,17,36.5
10.5,17,37
11,16.5,11
12,16.5,38
11,17,37.5
11.5,17,38
12,16.5,10
13,16.5,39
12,17,38.5
12.5,17,39
14,16,8.5
13.5,16,9
14,17,8.5
13,16.5,9
14,16,39.5
14,17,39.5
15,16.5,40
14.5,17,40
16,16,7.5
15.5,16,8
16,17,7.5
15,16.5,8
16,16,40.5
16,17,40.5
17,16.5,41
16.5,17,41
18,16,6.5
17.5,16,7
18,17,6.5
17,16.5,7
18,16,41.5
18,17,41.5
19,16.5,42
18.5,17,42
20,16.5,42
21,16,5.5
21,15.5,6
20.5,16,6
21,17,5.5
22,16,5.5
22,17,5.5
22,15.5,6
20,16.5,6
21,16,42.5
21,17,42.5
22,16,42.5
22,17,42.5
23,16,5.5
23,17,5.5
23,15.5,6
23,16,42.5
23,17,42.5
24,16,5.5
24,17,5.5
24,15.5,6
24,16,42.5
24,17,42.5
25,16,5.5
25,17,5.5
25,15.5,6
25,16,42.5
25,17,42.5
26,16,5.5
26,17,5.5
26,15.5,6
26,16,42.5
26,17,42.5
27,16,5.5
27,17,5.5
27,15.5,6
27,16,42.5
27,17,42.5
27.5,16,6
28,16.5,6
29,16.5,42
28,16.5,42
30,16,6.5
30,16,41.5
30.5,16,7
30,17,6.5
30,17,41.5
29.5,17,42
31,16.5,7
32,16,7.5
32,16,40.5
31,16.5,41
32.5,16,8
32,17,7.5
32,17,40.5
31.5,17,41
33,16.5,8
34,16,8.5
34,16,39.5
33,16.5,40
34.5,16,9
34,17,8.5
34,17,39.5
33.5,17,40
35,16.5,9
35,16.5,39
36,16.5,10
36,16.5,38
36,17,38.5
35.5,17,39
37,16.5,11
37,16.5,37
37,17,37.5
36.5,17,38
38,16.5,12
38,16.5,36
38,17,36.5
37.5,17,37
39,16.5,13
39.5,16,14
39.5,17,14
39,16,34.5
39.5,16,34
39,16.5,35
39,17,35.5
38.5,17,36
40,17,14.5
40,16.5,15
40.5,16,16
40.5,17,16
40,16,32.5
40.5,16,32
40,16.5,33
39.5,17,34
41,17,16.5
41,16.5,17
41.5,16,18
41.5,17,18
41,16,30.5
41.5,16,30
41,16.5,31
40.5,17,32
42,17,18.5
42,16.5,19
42,16.5,20
42.5,16,21
42.5,17,21
42.5,16,22
42.5,16,23
42.5,16,24
42.5,16,25
42.5,16,26
42,16,27.5
42.5,16,27
42,16.5,28
42,16.5,29
41.5,17,30
42.5,17,22
42.5,17,23
42.5,17,24
42.5,17,25
42.5,17,26
42.5,17,27
5.5,17,19
5.5,18,19
5.5,17,20
5.5,18,20
5.5,18,21
5.5,18,22
5,17.5,23
5,18,22.5
5,17.5,24
5,17.5,25
5.5,18,27
5.5,18,26
5.5,17,28
5.5,18,28
5.5,17,29
5.5,18,29
6,17,29.5
6,17.5,30
6.5,17,17
6.5,18,17
6,17.5,18
6,18,17.5
6.5,17,31
7,17,31.5
6.5,18,31
7,17.5,32
7.5,17,15
7.5,18,15
7,17.5,16
7,18,15.5
7.5,17,33
8,17,33.5
7.5,18,33
8,17.5,34
9,17,12.5
8.5,17,13
8.5,18,13
9,18,12.5
8,17.5,14
8,18,13.5
8.5,17,35
9,18,35.5
8.5,18,35
9.5,18,36
10,17,11.5
9.5,17,12
9.5,18,12
10,18,11.5
10,18,36.5
10.5,18,37
11,17,10.5
10.5,17,11
10.5,18,11
11,18,10.5
11,18,37.5
11.5,18,38
12,17,9.5
11.5,17,10
11.5,18,10
12,18,9.5
12,18,38.5
12.5,18,39
13,17,8.5
12.5,17,9
12.5,18,9
13,18,8.5
13,17,39.5
13,18,39.5
14,17.5,40
13.5,18,40
15,17,7.5
14.5,17,8
15,18,7.5
14,17.5,8
15,17,40.5
15,18,40.5
16,17.5,41
15.5,18,41
17,17,6.5
16.5,17,7
17,18,6.5
16,17.5,7
17,17,41.5
17,18,41.5
18,17.5,42
17.5,18,42
19,17,5.5
19,16.5,6
18.5,17,6
19,18,5.5
20,17,5.5
20,18,5.5
18,17.5,6
19,17,42.5
19,18,42.5
20,17,42.5
20,18,42.5
21,18,5.5
21,18,42.5
22,18,5.5
22,18,42.5
23,17.5,43
22.5,18,43
24,17.5,43
25,17.5,43
26,18,5.5
27,18,5.5
27,18,42.5
26,18,42.5
25.5,18,43
28,17,5.5
28,18,5.5
28,17,42.5
28,18,42.5
29,17,5.5
29,18,5.5
29,16.5,6
29,17,42.5
29,18,42.5
29.5,17,6
30,17.5,6
31,17,6.5
31,17,41.5
30,17.5,42
31.5,17,7
31,18,6.5
31,18,41.5
30.5,18,42
32,17.5,7
33,17,7.5
33,17,40.5
32,17.5,41
33.5,17,8
33,18,7.5
33,18,40.5
32.5,18,41
34,17.5,8
35,17,8.5
35,17,39.5
34,17.5,40
35.5,17,9
35,18,8.5
35.5,18,9
35,18,39.5
34.5,18,40
36,17,9.5
36,18,9.5
36.5,17,10
36.5,18,10
36,18,38.5
35.5,18,39
37,17,10.5
37,18,10.5
37.5,17,11
37.5,18,11
37,18,37.5
36.5,18,38
38,17,11.5
38,18,11.5
38.5,17,12
38.5,18,12
38,18,36.5
37.5,18,37
39,17,12.5
39,18,12.5
39.5,17,13
39.5,18,13
39.5,17,35
39,18,35.5
38.5,18,36
40,18,13.5
40,17.5,14
40.5,17,15
40.5,18,15
40,17,33.5
40.5,17,33
40,17.5,34
39.5,18,35
41,18,15.5
41,17.5,16
41.5,17,17
41.5,18,17
41,17,31.5
41.5,17,31
41,17.5,32
40.5,18,33
42,18,17.5
42,17.5,18
42.5,17,19
42.5,18,19
42.5,17,20
42.5,17,28
42,17,29.5
42.5,17,29
42,17.5,30
41.5,18,31
42.5,18,20
42.5,18,21
42.5,18,22
43,18,22.5
43,17.5,23
43,17.5,24
43,17.5,25
42.5,18,26
42.5,18,27
42.5,18,28
42.5,18,29
4.5,18,23
4.5,19,23
4.5,18,24
4.5,19,24
4.5,18,25
4.5,19,25
5,18,25.5
5,18.5,26
5.5,18,18
5.5,19,18
5.5,19,19
5.5,19,20
5,18.5,21
5,19,20.5
5,18.5,22
5,18.5,27
5.5,19,29
5.5,19,28
5.5,18,30
5.5,19,30
6,18,30.5
6,18.5,31
6.5,18,16
6.5,19,16
6,18.5,17
6,19,16.5
6.5,18,32
7,18,32.5
6.5,19,32
7,18.5,33
7.5,18,14
7.5,19,14
8,19,13.5
7,18.5,15
7,19,14.5
7.5,18,34
8,18,34.5
8,19,34.5
7.5,19,34
8.5,19,35
8.5,19,13
9,18.5,36
9,18.5,12
10,18.5,37
9,19,36.5
9.5,19,37
10,18.5,11
11,18.5,38
10,19,37.5
10.5,19,38
11,18.5,10
12,18.5,39
11,19,38.5
11.5,19,39
12,18.5,9
13,19,8.5
13,19,39.5
13.5,19,40
14,18,7.5
13.5,18,8
13.5,19,8
14,19,7.5
14,18,40.5
14,19,40.5
15,18.5,41
14.5,19,41
16,18,6.5
15.5,18,7
16,19,6.5
15,18.5,7
16,18,41.5
16,19,41.5
17,18.5,42
16.5,19,42
18,18,5.5
17.5,18,6
18,19,5.5
19,19,5.5
17,18.5,6
18,18,42.5
18,19,42.5
19,19,42.5
20,19,5.5
20,19,42.5
21,18.5,43
20.5,19,43
22,18.5,43
23,18,4.5
23,17.5,5
22.5,18,5
23,19,4.5
24,18,4.5
24,19,4.5
24,17.5,5
22,18.5,5
23,18,43.5
23,19,43.5
24,18,43.5
24,19,43.5
25,18,4.5
25,19,4.5
25,17.5,5
25,18,43.5
25,19,43.5
25.5,18,5
26,18.5,5
27,18.5,43
26,18.5,43
28,19,5.5
29,19,5.5
29,19,42.5
28,19,42.5
27.5,19,43
30,18,5.5
30,19,5.5
30,18,42.5
30,19,42.5
30.5,18,6
31,18.5,6
32,18,6.5
32,18,41.5
31,18.5,42
32.5,18,7
32,19,6.5
32,19,41.5
31.5,19,42
33,18.5,7
34,18,7.5
34,18,40.5
33,18.5,41
34.5,18,8
34,19,7.5
34.5,19,8
34,19,40.5
33.5,19,41
35,19,8.5
35,19,39.5
34.5,19,40
36,18.5,9
36,18.5,39
37,18.5,10
37,18.5,38
37,19,38.5
36.5,19,39
38,18.5,11
38,18.5,37
38,19,37.5
37.5,19,38
39,18.5,12
39.5,19,13
39,18.5,36
39,19,36.5
38.5,19,37
40,19,13.5
40.5,18,14
40.5,19,14
40,18,34.5
40.5,18,34
40,19,34.5
39.5,19,35
41,19,14.5
41,18.5,15
41.5,18,16
41.5,19,16
41,18,32.5
41.5,18,32
41,18.5,33
40.5,19,34
42,19,16.5
42,18.5,17
42.5,18,18
42.5,19,18
42,18,30.5
42.5,18,30
42,18.5,31
41.5,19,32
42.5,19,19
42.5,19,20
43,19,20.5
43,18.5,21
43,18.5,22
43.5,18,23
43.5,19,23
43.5,18,24
43,18,25.5
43.5,18,25
43,18.5,26
43,18.5,27
42.5,19,28
42.5,19,29
42.5,19,30
43.5,19,24
43.5,19,25
4.5,19,21
4.5,20,21
4.5,19,22
4.5,20,22
4.5,20,23
4.5,20,24
4.5,20,25
4.5,19,26
4.5,20,26
4.5,19,27
4.5,20,27
5,19,27.5
5,19.5,28
5.5,19,17
5.5,20,17
6,20,16.5
5.5,20,18
5.5,20,19
5,19.5,20
5,20,19.5
5.5,20,30
5.5,20,29
5.5,19,31
5.5,20,31
6,19,31.5
6,20,31.5
6.5,20,32
6.5,19,15
6.5,20,15
7,20,14.5
6.5,20,16
6.5,19,33
6.5,20,33
7,19,33.5
7,20,33.5
7.5,20,34
7.5,20,14
8,19.5,35
9,19,11.5
8.5,19,12
8.5,20,12
9,20,11.5
8,19.5,13
8,20,12.5
8.5,19,36
9,20,36.5
8.5,20,36
9.5,20,37
10,19,10.5
9.5,19,11
9.5,20,11
10,20,10.5
10,20,37.5
10.5,20,38
11,19,9.5
10.5,19,10
10.5,20,10
11,20,9.5
11,20,38.5
11.5,20,39
12,19,8.5
11.5,19,9
11.5,20,9
12,20,8.5
12,19,39.5
12,20,39.5
13,19.5,40
12.5,20,40
13,19.5,8
14,20,7.5
14,20,40.5
14.5,20,41
15,19,6.5
14.5,19,7
14.5,20,7
15,20,6.5
16,20,6.5
15,19,41.5
15,20,41.5
16,20,41.5
16.5,20,42
17,19,5.5
16.5,19,6
16.5,20,6
17,20,5.5
18,20,5.5
17,19,42.5
17,20,42.5
18,20,42.5
19,20,5.5
19,20,42.5
20,19.5,43
19.5,20,43
21,19,4.5
21,18.5,5
20.5,19,5
21,20,4.5
22,19,4.5
22,20,4.5
20,19.5,5
21,19,43.5
21,20,43.5
22,19,43.5
22,20,43.5
23,20,4.5
23,20,43.5
24,20,4.5
24,20,43.5
25,20,4.5
25,20,43.5
26,19,4.5
26,20,4.5
26,19,43.5
26,20,43.5
27,19,4.5
27,20,4.5
27,18.5,5
27,19,43.5
27,20,43.5
27.5,19,5
28,19.5,5
28,19.5,43
29,20,5.5
30,20,5.5
30,20,42.5
29,20,42.5
28.5,20,43
31,19,5.5
31,20,5.5
31,19,42.5
31,20,42.5
31.5,19,6
31.5,20,6
32,20,6.5
33,19,6.5
33,20,6.5
33,19,41.5
33,20,41.5
32,20,41.5
31.5,20,42
33.5,19,7
33.5,20,7
34,20,7.5
34,20,40.5
33.5,20,41
35,19.5,8
36,19,8.5
36,19,39.5
35,19.5,40
36.5,19,9
36,20,8.5
36.5,20,9
36,20,39.5
35.5,20,40
37,19,9.5
37,20,9.5
37.5,19,10
37.5,20,10
37,20,38.5
36.5,20,39
38,19,10.5
38,20,10.5
38.5,19,11
38.5,20,11
38,20,37.5
37.5,20,38
39,19,11.5
39,20,11.5
39.5,19,12
39.5,20,12
39.5,19,36
39,20,36.5
38.5,20,37
40,20,12.5
40,19.5,13
40.5,20,14
40,19.5,35
39.5,20,36
41,20,14.5
41.5,19,15
41.5,20,15
41,19,33.5
41.5,19,33
41,20,33.5
40.5,20,34
41.5,20,16
42,20,16.5
42.5,19,17
42.5,20,17
42,19,31.5
42.5,19,31
42,20,31.5
41.5,20,32
41.5,20,33
42.5,20,18
42.5,20,19
43,20,19.5
43,19.5,20
43.5,19,21
43.5,20,21
43.5,19,22
43.5,19,26
43,19,27.5
43.5,19,27
43,19.5,28
42.5,20,29
42.5,20,30
42.5,20,31
43.5,20,22
43.5,20,23
43.5,20,24
43.5,20,25
43.5,20,26
43.5,20,27
4.5,20,20
4.5,21,20
4.5,21,21
4.5,21,22
4.5,21,23
4.5,21,24
4.5,21,25
4.5,21,26
4.5,21,27
4.5,20,28
4.5,21,28
5,20,28.5
5,20.5,29
5.5,21,18
5.5,21,17
5,20.5,19
5,21,18.5
5.5,21,31
5.5,21,30
6,20.5,32
6,20.5,16
6,21,15.5
6.5,21,15
6.5,21,33
7,20.5,34
7.5,20,13
7.5,21,13
8,21,12.5
7,20.5,14
7,21,13.5
7.5,20,35
8,20,35.5
8,21,35.5
7.5,21,35
8.5,21,36
8.5,21,12
9,21,11.5
9,21,36.5
9.5,21,37
9.5,21,11
10,21,10.5
10,21,37.5
10.5,21,38
10.5,21,10
11,21,9.5
11,21,38.5
11.5,21,39
11.5,21,9
12,21,8.5
12,21,39.5
12.5,21,40
13,20,7.5
12.5,20,8
12.5,21,8
13,21,7.5
13,20,40.5
13,21,40.5
14,20.5,41
13.5,21,41
14,20.5,7
15,21,6.5
15,21,41.5
16,20.5,42
15.5,21,42
16,20.5,6
17,21,5.5
18,21,5.5
17,21,42.5
18,21,42.5
19,20.5,43
18.5,21,43
20,20,4.5
19.5,20,5
20,21,4.5
21,21,4.5
19,20.5,5
20,20,43.5
20,21,43.5
21,21,43.5
22,21,4.5
22,21,43.5
23,21,4.5
23,21,43.5
24,21,4.5
24,21,43.5
25,21,4.5
25,21,43.5
26,21,4.5
26,21,43.5
27,21,4.5
27,21,43.5
28,20,4.5
28,21,4.5
28,20,43.5
28,21,43.5
28.5,20,5
29,20.5,5
29,20.5,43
30,21,5.5
31,21,5.5
31,21,42.5
30,21,42.5
29.5,21,43
32,20.5,6
32,20.5,42
33,21,6.5
33,21,41.5
32.5,21,42
34,20.5,7
35,20,7.5
35,20,40.5
34,20.5,41
35.5,20,8
35,21,7.5
35.5,21,8
35,21,40.5
34.5,21,41
36,21,8.5
36.5,21,9
36,21,39.5
35.5,21,40
37,21,9.5
37.5,21,10
37,21,38.5
36.5,21,39
38,21,10.5
38.5,21,11
38,21,37.5
37.5,21,38
39,21,11.5
39.5,21,12
39,21,36.5
38.5,21,37
40,21,12.5
40.5,20,13
40.5,21,13
40,20,35.5
40.5,20,35
40,21,35.5
39.5,21,36
41,21,13.5
41,20.5,14
41.5,21,15
41,20.5,34
40.5,21,35
42,21,15.5
42,20.5,16
42.5,21,17
42,20.5,32
41.5,21,33
42.5,21,18
43,21,18.5
43,20.5,19
43.5,20,20
43.5,21,20
43,20,28.5
43.5,20,28
43,20.5,29
42.5,21,30
42.5,21,31
43.5,21,21
43.5,21,22
43.5,21,23
43.5,21,24
43.5,21,25
43.5,21,26
43.5,21,27
43.5,21,28
4.5,21,19
4.5,22,19
5,22,18.5
4.5,22,20
4.5,22,21
4.5,22,22
4.5,22,23
4.5,22,24
4.5,22,25
4.5,22,26
4.5,22,27
4.5,22,28
4.5,21,29
4.5,22,29
5,21,29.5
5,22,29.5
5.5,22,30
5.5,21,16
5.5,22,16
6,22,15.5
5.5,22,17
5.5,22,18
5.5,22,31
5.5,21,32
5.5,22,32
6,21,32.5
6,22,32.5
6.5,22,33
6.5,21,14
6.5,22,14
7,22,13.5
6.5,22,15
6.5,21,34
6.5,22,34
7,21,34.5
7,22,34.5
7.5,22,35
7.5,22,13
8,22,12.5
8,22,35.5
8.5,22,36
8.5,22,12
9,21.5,37
9,21.5,11
10,21.5,38
9,22,37.5
9.5,22,38
10,21.5,10
11,21.5,39
10,22,38.5
10.5,22,39
11,21.5,9
12,22,8.5
12,22,39.5
12.5,22,40
12.5,22,8
13,22,7.5
13,22,40.5
13.5,22,41
14,21,6.5
13.5,21,7
13.5,22,7
14,22,6.5
15,22,6.5
14,21,41.5
14,22,41.5
15,22,41.5
15.5,22,42
16,21,5.5
15.5,21,6
15.5,22,6
16,22,5.5
17,22,5.5
16,21,42.5
16,22,42.5
17,22,42.5
18,22,5.5
18,22,42.5
18.5,22,43
19,21,4.5
18.5,21,5
18.5,22,5
19,22,4.5
20,22,4.5
19,21,43.5
19,22,43.5
20,22,43.5
21,22,4.5
21,22,43.5
22,22,4.5
22,22,43.5
23,22,4.5
23,22,43.5
24,22,4.5
24,22,43.5
25,22,4.5
25,22,43.5
26,22,4.5
26,22,43.5
27,22,4.5
27,22,43.5
28,22,4.5
28,22,43.5
29,21,4.5
29,22,4.5
29,21,43.5
29,22,43.5
29.5,21,5
29.5,22,5
30,22,5.5
31,22,5.5
31,22,42.5
30,22,42.5
29.5,22,43
32,21,5.5
32,22,5.5
32,21,42.5
32,22,42.5
32.5,21,6
32.5,22,6
33,22,6.5
34,21,6.5
34,22,6.5
34,21,41.5
34,22,41.5
33,22,41.5
32.5,22,42
34.5,21,7
34.5,22,7
35,22,7.5
35.5,22,8
35,22,40.5
34.5,22,41
36,22,8.5
36,22,39.5
35.5,22,40
37,21.5,9
37,21.5,39
38,21.5,10
38,21.5,38
38,22,38.5
37.5,22,39
39,21.5,11
39.5,22,12
39,21.5,37
39,22,37.5
38.5,22,38
40,22,12.5
40.5,22,13
40,22,35.5
39.5,22,36
41,22,13.5
41.5,21,14
41.5,22,14
41,21,34.5
41.5,21,34
41,22,34.5
40.5,22,35
41.5,22,15
42,22,15.5
42.5,21,16
42.5,22,16
42,21,32.5
42.5,21,32
42,22,32.5
41.5,22,33
41.5,22,34
42.5,22,17
42.5,22,18
43,22,18.5
43.5,21,19
43.5,22,19
43,21,29.5
43.5,21,29
43,22,29.5
42.5,22,30
42.5,22,31
42.5,22,32
43.5,22,20
43.5,22,21
43.5,22,22
43.5,22,23
43.5,22,24
43.5,22,25
43.5,22,26
43.5,22,27
43.5,22,28
43.5,22,29
4.5,23,20
4.5,23,19
4.5,23,21
4.5,23,22
4.5,23,23
4.5,23,24
4.5,23,25
4.5,23,26
4.5,23,27
4.5,23,28
4.5,23,29
5,22.5,30
5.5,23,17
5.5,23,16
6,23,15.5
5,22.5,18
5,23,17.5
5.5,23,32
5.5,23,31
6,23,32.5
6.5,23,33
6.5,23,15
6.5,23,14
7,23,13.5
6.5,23,34
7,23,34.5
7.5,23,35
7.5,23,13
8,23,12.5
8,23,35.5
8.5,23,36
9,22,10.5
8.5,22,11
8.5,23,11
9,23,10.5
8.5,23,12
8.5,22,37
8.5,23,37
9,23,37.5
9.5,23,38
10,22,9.5
9.5,22,10
9.5,23,10
10,23,9.5
10,23,38.5
10.5,23,39
11,22,8.5
10.5,22,9
10.5,23,9
11,23,8.5
12,23,8.5
11,22,39.5
11,23,39.5
12,23,39.5
12.5,23,40
12.5,23,8
13,23,7.5
13,23,40.5
13.5,23,41
13.5,23,7
14,23,6.5
15,23,6.5
14,23,41.5
15,23,41.5
15.5,23,42
15.5,23,6
16,23,5.5
17,23,5.5
16,23,42.5
17,23,42.5
18,22.5,43
17.5,23,43
18,22.5,5
19,23,4.5
20,23,4.5
19,23,43.5
20,23,43.5
21,23,4.5
21,23,43.5
22,23,4.5
22,23,43.5
23,23,4.5
23,23,43.5
24,23,4.5
24,23,43.5
25,23,4.5
25,23,43.5
26,23,4.5
26,23,43.5
27,23,4.5
27,23,43.5
28,23,4.5
28,23,43.5
29,23,4.5
29,23,43.5
30,22.5,5
30,22.5,43
31,23,5.5
32,23,5.5
32,23,42.5
31,23,42.5
30.5,23,43
32.5,23,6
33,23,6.5
34,23,6.5
34,23,41.5
33,23,41.5
32.5,23,42
34.5,23,7
35,23,7.5
35.5,23,8
35,23,40.5
34.5,23,41
36,23,8.5
37,22,8.5
37,23,8.5
37,22,39.5
37,23,39.5
36,23,39.5
35.5,23,40
37.5,22,9
37.5,23,9
38,22,9.5
38,23,9.5
38.5,22,10
38.5,23,10
38,23,38.5
37.5,23,39
39,22,10.5
39,23,10.5
39.5,22,11
39.5,23,11
39.5,22,37
39,23,37.5
38.5,23,38
39.5,23,12
40,23,12.5
40.5,23,13
40,23,35.5
39.5,23,36
39.5,23,37
41,23,13.5
41.5,23,14
41,23,34.5
40.5,23,35
41.5,23,15
42,23,15.5
42.5,23,16
42,23,32.5
41.5,23,33
41.5,23,34
42.5,23,17
43,23,17.5
43,22.5,18
43.5,23,19
43,22.5,30
42.5,23,31
42.5,23,32
43.5,23,20
43.5,23,21
43.5,23,22
43.5,23,23
43.5,23,24
43.5,23,25
43.5,23,26
43.5,23,27
43.5,23,28
43.5,23,29
4.5,23,18
4.5,24,18
5,24,17.5
4.5,24,19
4.5,24,20
4.5,24,21
4.5,24,22
4.5,24,23
4.5,24,24
4.5,24,25
4.5,24,26
4.5,24,27
4.5,24,28
4.5,24,29
4.5,23,30
4.5,24,30
5,23,30.5
5,24,30.5
5.5,24,31
5.5,24,17
5.5,24,16
6,24,15.5
5.5,24,32
6,24,32.5
6.5,24,33
6.5,24,15
6.5,24,14
7,24,13.5
6.5,24,34
7,24,34.5
7.5,24,35
7.5,24,13
8,24,12.5
8,24,35.5
8.5,24,36
8.5,24,12
8.5,24,11
9,24,10.5
8.5,24,37
9,24,37.5
9.5,24,38
9.5,24,10
10,24,9.5
10,24,38.5
10.5,24,39
10.5,24,9
11,24,8.5
12,24,8.5
11,24,39.5
12,24,39.5
12.5,24,40
12.5,24,8
13,24,7.5
13,24,40.5
13.5,24,41
13.5,24,7
14,24,6.5
15,24,6.5
14,24,41.5
15,24,41.5
15.5,24,42
15.5,24,6
16,24,5.5
17,24,5.5
16,24,42.5
17,24,42.5
17.5,24,43
18,23,4.5
17.5,23,5
17.5,24,5
18,24,4.5
19,24,4.5
18,23,43.5
18,24,43.5
19,24,43.5
20,24,4.5
20,24,43.5
21,24,4.5
21,24,43.5
22,24,4.5
22,24,43.5
23,24,4.5
23,24,43.5
24,24,4.5
24,24,43.5
25,24,4.5
25,24,43.5
26,24,4.5
26,24,43.5
27,24,4.5
27,24,43.5
28,24,4.5
28,24,43.5
29,24,4.5
29,24,43.5
30,23,4.5
30,24,4.5
30,23,43.5
30,24,43.5
30.5,23,5
30.5,24,5
31,24,5.5
32,24,5.5
32,24,42.5
31,24,42.5
30.5,24,43
32.5,24,6
33,24,6.5
34,24,6.5
34,24,41.5
33,24,41.5
32.5,24,42
34.5,24,7
35,24,7.5
35.5,24,8
35,24,40.5
34.5,24,41
36,24,8.5
37,24,8.5
37,24,39.5
36,24,39.5
35.5,24,40
37.5,24,9
38,24,9.5
38.5,24,10
38,24,38.5
37.5,24,39
39,24,10.5
39.5,24,11
39,24,37.5
38.5,24,38
39.5,24,12
40,24,12.5
40.5,24,13
40,24,35.5
39.5,24,36
39.5,24,37
41,24,13.5
41.5,24,14
41,24,34.5
40.5,24,35
41.5,24,15
42,24,15.5
42.5,24,16
42,24,32.5
41.5,24,33
41.5,24,34
42.5,24,17
43,24,17.5
43.5,23,18
43.5,24,18
43,23,30.5
43.5,23,30
43,24,30.5
42.5,24,31
42.5,24,32
43.5,24,19
43.5,24,20
43.5,24,21
43.5,24,22
43.5,24,23
43.5,24,24
43.5,24,25
43.5,24,26
43.5,24,27
43.5,24,28
43.5,24,29
43.5,24,30
4.5,25,19
4.5,25,18
5,25,17.5
4.5,25,20
4.5,25,21
4.5,25,22
4.5,25,23
4.5,25,24
4.5,25,25
4.5,25,26
4.5,25,27
4.5,25,28
4.5,25,29
4.5,25,30
5,25,30.5
5.5,25,31
5.5,25,17
5.5,25,16
6,25,15.5
5.5,25,32
6,25,32.5
6.5,25,33
6.5,25,15
6.5,25,14
7,25,13.5
6.5,25,34
7,25,34.5
7.5,25,35
7.5,25,13
8,25,12.5
8,25,35.5
8.5,25,36
8.5,25,12
8.5,25,11
9,25,10.5
8.5,25,37
9,25,37.5
9.5,25,38
9.5,25,10
10,25,9.5
10,25,38.5
10.5,25,39
10.5,25,9
11,25,8.5
12,25,8.5
11,25,39.5
12,25,39.5
12.5,25,40
12.5,25,8
13,25,7.5
13,25,40.5
13.5,25,41
13.5,25,7
14,25,6.5
15,25,6.5
14,25,41.5
15,25,41.5
15.5,25,42
15.5,25,6
16,25,5.5
17,25,5.5
16,25,42.5
17,25,42.5
17.5,25,43
17.5,25,5
18,25,4.5
19,25,4.5
18,25,43.5
19,25,43.5
20,25,4.5
20,25,43.5
21,25,4.5
21,25,43.5
22,25,4.5
22,25,43.5
23,25,4.5
23,25,43.5
24,25,4.5
24,25,43.5
25,25,4.5
25,25,43.5
26,25,4.5
26,25,43.5
27,25,4.5
27,25,43.5
28,25,4.5
28,25,43.5
29,25,4.5
29,25,43.5
30,25,4.5
30,25,43.5
30.5,25,5
31,25,5.5
32,25,5.5
32,25,42.5
31,25,42.5
30.5,25,43
32.5,25,6
33,25,6.5
34,25,6.5
34,25,41.5
33,25,41.5
32.5,25,42
34.5,25,7
35,25,7.5
35.5,25,8
35,25,40.5
34.5,25,41
36,25,8.5
37,25,8.5
37,25,39.5
36,25,39.5
35.5,25,40
37.5,25,9
38,25,9.5
38.5,25,10
38,25,38.5
37.5,25,39
39,25,10.5
39.5,25,11
39,25,37.5
38.5,25,38
39.5,25,12
40,25,12.5
40.5,25,13
40,25,35.5
39.5,25,36
39.5,25,37
41,25,13.5
41.5,25,14
41,25,34.5
40.5,25,35
41.5,25,15
42,25,15.5
42.5,25,16
42,25,32.5
41.5,25,33
41.5,25,34
42.5,25,17
43,25,17.5
43.5,25,18
43,25,30.5
42.5,25,31
42.5,25,32
43.5,25,19
43.5,25,20
43.5,25,21
43.5,25,22
43.5,25,23
43.5,25,24
43.5,25,25
43.5,25,26
43.5,25,27
43.5,25,28
43.5,25,29
43.5,25,30
5,25.5,18
4.5,26,20
4.5,26,19
4.5,26,21
4.5,26,22
4.5,26,23
4.5,26,24
4.5,26,25
4.5,26,26
4.5,26,27
4.5,26,28
4.5,26,29
5,25.5,30
5,26,29.5
5.5,26,31
5.5,26,17
5.5,26,16
6,26,15.5
5.5,26,32
6,26,32.5
6.5,26,33
6.5,26,15
6.5,26,14
7,26,13.5
6.5,26,34
7,26,34.5
7.5,26,35
7.5,26,13
8,26,12.5
8,26,35.5
8.5,26,36
8.5,26,12
8.5,26,11
9,26,10.5
8.5,26,37
9,26,37.5
9.5,26,38
9.5,26,10
10,26,9.5
10,26,38.5
10.5,26,39
10.5,26,9
11,26,8.5
12,26,8.5
11,26,39.5
12,26,39.5
12.5,26,40
12.5,26,8
13,26,7.5
13,26,40.5
13.5,26,41
13.5,26,7
14,26,6.5
15,26,6.5
14,26,41.5
15,26,41.5
15.5,26,42
15.5,26,6
16,26,5.5
17,26,5.5
16,26,42.5
17,26,42.5
18,25.5,5
18,25.5,43
18.5,26,5
19,26,4.5
20,26,4.5
20,26,43.5
19,26,43.5
21,26,4.5
21,26,43.5
22,26,4.5
22,26,43.5
23,26,4.5
23,26,43.5
24,26,4.5
24,26,43.5
25,26,4.5
25,26,43.5
26,26,4.5
26,26,43.5
27,26,4.5
27,26,43.5
28,26,4.5
28,26,43.5
29,26,4.5
29,26,43.5
29.5,26,5
30,25.5,5
31,26,5.5
32,26,5.5
32,26,42.5
31,26,42.5
30,25.5,43
32.5,26,6
33,26,6.5
34,26,6.5
34,26,41.5
33,26,41.5
32.5,26,42
34.5,26,7
35,26,7.5
35.5,26,8
35,26,40.5
34.5,26,41
36,26,8.5
37,26,8.5
37,26,39.5
36,26,39.5
35.5,26,40
37.5,26,9
38,26,9.5
38.5,26,10
38,26,38.5
37.5,26,39
39,26,10.5
39.5,26,11
39,26,37.5
38.5,26,38
39.5,26,12
40,26,12.5
40.5,26,13
40,26,35.5
39.5,26,36
39.5,26,37
41,26,13.5
41.5,26,14
41,26,34.5
40.5,26,35
41.5,26,15
42,26,15.5
42.5,26,16
42,26,32.5
41.5,26,33
41.5,26,34
42.5,26,17
43,25.5,18
42.5,26,31
42.5,26,32
43.5,26,19
43.5,26,20
43.5,26,21
43.5,26,22
43.5,26,23
43.5,26,24
43.5,26,25
43.5,26,26
43.5,26,27
43.5,26,28
43.5,26,29
43,26,29.5
43,25.5,30
5,26,18.5
5.5,26,18
4.5,27,20
4.5,27,19
5,27,18.5
4.5,27,21
4.5,27,22
4.5,27,23
4.5,27,24
4.5,27,25
4.5,27,26
4.5,27,27
4.5,27,28
4.5,27,29
5,27,29.5
5.5,26,30
5.5,27,30
5.5,27,17
5.5,27,16
6,27,15.5
5.5,27,18
5.5,27,31
5.5,27,32
6,27,32.5
6.5,27,33
6.5,27,15
6.5,27,14
7,27,13.5
6.5,27,34
7,27,34.5
7.5,27,35
7.5,27,13
8,27,12.5
8,27,35.5
8.5,27,36
9,26.5,11
8.5,27,12
9,26.5,37
9,27,36.5
9.5,27,11
10,27,10.5
10,26.5,10
10,26.5,38
10.5,27,10
11,27,9.5
11,26.5,9
11,26.5,39
11.5,27,9
12,27,8.5
12.5,27,40
12,27,39.5
12.5,27,8
13,27,7.5
13,27,40.5
13.5,27,41
13.5,27,7
14,27,6.5
15,27,6.5
14,27,41.5
15,27,41.5
15.5,27,42
15.5,27,6
16,27,5.5
17,27,5.5
16,27,42.5
17,27,42.5
18,27,5.5
18,26,5.5
18,26,42.5
18,27,42.5
18.5,26,43
18.5,27,43
18.5,27,5
19,27,4.5
20,27,4.5
19,27,43.5
20,27,43.5
21,27,4.5
21,27,43.5
22,27,4.5
22,27,43.5
23,27,4.5
23,27,43.5
24,27,4.5
24,27,43.5
25,27,4.5
25,27,43.5
26,27,4.5
26,27,43.5
27,27,4.5
27,27,43.5
28,27,4.5
28,27,43.5
29,27,4.5
29,27,43.5
29.5,27,5
30,27,5.5
30,26,5.5
31,27,5.5
30,26,42.5
29.5,26,43
31,27,42.5
30,27,42.5
29.5,27,43
32,27,5.5
32,27,42.5
32.5,27,6
33,27,6.5
34,27,6.5
34,27,41.5
33,27,41.5
32.5,27,42
34.5,27,7
35,27,7.5
35.5,27,8
35,27,40.5
34.5,27,41
36,27,8.5
36.5,27,9
37,26.5,9
36,27,39.5
35.5,27,40
37,27,9.5
37.5,27,10
38,26.5,10
37,26.5,39
38,27,10.5
38.5,27,11
39,26.5,11
38,26.5,38
39.5,27,12
40,27,12.5
40.5,27,13
40,27,35.5
39.5,27,36
39,27,36.5
39,26.5,37
41,27,13.5
41.5,27,14
41,27,34.5
40.5,27,35
41.5,27,15
42,27,15.5
42.5,27,16
42,27,32.5
41.5,27,33
41.5,27,34
42.5,27,17
42.5,26,18
42.5,27,18
43,27,18.5
43,26,18.5
43.5,27,19
42.5,26,30
43,27,29.5
42.5,27,30
42.5,27,31
42.5,27,32
43.5,27,20
43.5,27,21
43.5,27,22
43.5,27,23
43.5,27,24
43.5,27,25
43.5,27,26
43.5,27,27
43.5,27,28
43.5,27,29
5,27.5,19
4.5,28,21
4.5,28,20
4.5,28,22
4.5,28,23
4.5,28,24
4.5,28,25
4.5,28,26
4.5,28,27
4.5,28,28
5,27.5,29
5,28,28.5
5.5,28,30
6,27.5,16
5.5,28,18
5.5,28,17
5.5,28,31
6,27.5,32
6,28,31.5
6.5,28,33
7,27.5,14
6.5,28,15
7,27.5,34
7,28,33.5
7.5,28,35
7.5,28,13
8,28,12.5
8,28,35.5
8.5,28,36
9,27,11.5
8.5,28,12
9,28,11.5
9,28,36.5
9.5,27,37
9.5,28,37
9.5,28,11
10,28,10.5
10,27,37.5
10,28,37.5
10.5,27,38
10.5,28,38
10.5,28,10
11,28,9.5
11,27,38.5
11,28,38.5
11.5,27,39
11.5,28,39
11.5,28,9
12,28,8.5
12,28,39.5
12.5,28,40
12.5,28,8
13,28,7.5
13,28,40.5
14,27.5,7
14,27.5,41
14.5,28,7
15,28,6.5
15,28,41.5
16,27.5,6
16,27.5,42
16.5,28,6
17,28,5.5
18,28,5.5
18,28,42.5
17,28,42.5
19,27.5,5
19,27.5,43
19.5,28,5
20,28,4.5
21,28,4.5
21,28,43.5
20,28,43.5
22,28,4.5
22,28,43.5
23,28,4.5
23,28,43.5
24,28,4.5
24,28,43.5
25,28,4.5
25,28,43.5
26,28,4.5
26,28,43.5
27,28,4.5
27,28,43.5
28,28,4.5
28,28,43.5
28.5,28,5
29,27.5,5
30,28,5.5
31,28,5.5
31,28,42.5
30,28,42.5
29,27.5,43
31.5,28,6
32,27.5,6
33,28,6.5
33.5,28,7
34,27.5,7
33,28,41.5
32,27.5,42
35,28,7.5
35.5,28,8
35,28,40.5
34,27.5,41
36,28,8.5
36.5,28,9
36,28,39.5
35.5,28,40
37,28,9.5
37.5,28,10
37,27,38.5
36.5,27,39
37,28,38.5
36.5,28,39
38,28,10.5
38.5,28,11
38,27,37.5
37.5,27,38
38,28,37.5
37.5,28,38
39,28,11.5
39,27,11.5
39.5,28,12
38.5,27,37
39,28,36.5
38.5,28,37
40,28,12.5
40.5,28,13
40,28,35.5
39.5,28,36
41,27.5,14
40.5,28,35
41.5,28,15
42,27.5,16
41.5,28,33
41,28,33.5
41,27.5,34
42.5,28,17
42.5,28,18
43,27.5,19
42.5,28,30
42.5,28,31
42,28,31.5
42,27.5,32
43.5,28,20
43.5,28,21
43.5,28,22
43.5,28,23
43.5,28,24
43.5,28,25
43.5,28,26
43.5,28,27
43.5,28,28
43,28,28.5
43,27.5,29
5,28,19.5
5.5,28,19
5,28.5,20
4.5,29,22
4.5,29,21
4.5,29,23
4.5,29,24
4.5,29,25
4.5,29,26
4.5,29,27
5,28.5,28
5,29,27.5
5.5,28,29
5.5,29,29
6,28,16.5
6.5,28,16
5.5,29,18
5.5,29,17
6,29,16.5
5.5,29,19
5.5,29,30
5.5,29,31
6,29,31.5
6.5,28,32
6.5,29,32
7,28,14.5
7.5,28,14
6.5,29,16
6.5,29,15
7,29,14.5
6.5,29,33
7,29,33.5
7.5,28,34
7.5,29,34
8,28.5,13
7.5,29,14
8,28.5,35
8,29,34.5
8.5,29,36
8.5,29,12
9,29,11.5
9,29,36.5
9.5,29,37
9.5,29,11
10,29,10.5
10,29,37.5
10.5,29,38
10.5,29,10
11,29,9.5
11,29,38.5
11.5,29,39
11.5,29,9
12,29,8.5
12,29,39.5
13,28.5,8
14,28,7.5
13,28.5,40
14,28,40.5
13.5,29,8
14,29,7.5
14.5,28,41
14.5,29,41
14,29,40.5
14.5,29,7
15,29,6.5
16,29,6.5
16,28,6.5
15,29,41.5
16,28,41.5
16,29,41.5
16.5,28,42
16.5,29,42
16.5,29,6
17,29,5.5
18,29,5.5
17,29,42.5
18,29,42.5
19,29,5.5
19,28,5.5
19,28,42.5
19,29,42.5
19.5,28,43
20,28.5,5
20,28.5,43
20.5,29,5
21,29,4.5
22,29,4.5
22,29,43.5
21,29,43.5
23,29,4.5
23,29,43.5
24,29,4.5
24,29,43.5
25,29,4.5
25,29,43.5
26,29,4.5
26,29,43.5
27,29,4.5
27,29,43.5
27.5,29,5
28,28.5,5
29,29,5.5
29,28,5.5
30,29,5.5
29,28,42.5
28.5,28,43
30,29,42.5
29,29,42.5
28,28.5,43
31,29,5.5
31,29,42.5
31.5,29,6
32,29,6.5
32,28,6.5
33,29,6.5
32,28,41.5
31.5,28,42
33,29,41.5
32,29,41.5
31.5,29,42
33.5,29,7
34,29,7.5
34,28,7.5
34.5,29,8
35,28.5,8
34,28,40.5
33.5,28,41
34,29,40.5
33.5,29,41
36,29,8.5
36.5,29,9
36,29,39.5
35,28.5,40
37,29,9.5
37.5,29,10
37,29,38.5
36.5,29,39
38,29,10.5
38.5,29,11
38,29,37.5
37.5,29,38
39,29,11.5
39.5,29,12
39,29,36.5
38.5,29,37
40,28.5,13
39.5,29,36
40.5,28,14
40.5,29,14
41,29,14.5
41,28,14.5
41.5,29,15
40.5,28,34
41,29,33.5
40.5,29,34
40,29,34.5
40,28.5,35
41.5,28,16
41.5,29,16
42,29,16.5
42,28,16.5
42.5,29,17
41.5,28,32
42,29,31.5
41.5,29,32
41.5,29,33
42.5,29,18
42.5,28,19
42.5,29,19
43,28,19.5
43,28.5,20
42.5,28,29
42.5,29,29
42.5,29,30
42.5,29,31
43.5,29,21
43.5,29,22
43.5,29,23
43.5,29,24
43.5,29,25
43.5,29,26
43.5,29,27
43,29,27.5
43,28.5,28
5,29,20.5
5.5,29,20
5,29.5,22
5,29.5,21
4.5,30,24
4.5,30,23
4.5,30,25
5,29.5,26
5,30,25.5
5,29.5,27
5.5,29,28
5.5,30,28
6,29.5,17
5.5,30,19
5.5,30,18
5.5,30,20
5.5,30,29
5.5,30,30
6,29.5,31
6,30,30.5
6.5,30,32
7,29.5,15
6.5,30,16
7,29.5,33
7,30,32.5
7.5,30,34
8,29,13.5
8.5,29,13
7.5,30,14
8,30,13.5
8,30,34.5
8.5,29,35
8.5,30,35
9,29.5,12
8.5,30,13
9,29.5,36
9,30,35.5
9.5,30,12
10,30,11.5
10,29.5,11
10,29.5,37
10.5,30,11
11,30,10.5
11,29.5,10
11,29.5,38
11.5,30,10
12,30,9.5
12,29.5,9
13,29,8.5
12,29.5,39
13,29,39.5
12.5,30,9
13,30,8.5
13.5,29,40
13.5,30,40
13,30,39.5
13.5,30,8
14,30,7.5
14,30,40.5
15,29.5,7
15,29.5,41
15.5,30,7
16,30,6.5
16,30,41.5
17,29.5,6
17,29.5,42
17.5,30,6
18,30,5.5
19,30,5.5
19,30,42.5
18,30,42.5
20,30,5.5
20,29,5.5
20,29,42.5
20,30,42.5
20.5,29,43
21,29.5,5
22,29.5,5
21,29.5,43
22.5,30,5
23,30,4.5
24,30,4.5
24,30,43.5
23,30,43.5
25,30,4.5
25,30,43.5
25.5,30,5
26,29.5,5
27,29.5,5
28,30,5.5
28,29,5.5
29,30,5.5
28,29,42.5
27.5,29,43
29,30,42.5
28,30,42.5
27,29.5,43
30,30,5.5
30,30,42.5
30.5,30,6
31,29.5,6
32,30,6.5
32.5,30,7
33,29.5,7
32,30,41.5
31,29.5,42
34,30,7.5
34.5,30,8
34,30,40.5
33,29.5,41
35,30,8.5
35,29,8.5
35.5,30,9
36,29.5,9
35,29,39.5
34.5,29,40
35,30,39.5
34.5,30,40
36,30,9.5
36.5,30,10
37,29.5,10
36,29.5,39
37,30,10.5
37.5,30,11
38,29.5,11
37,29.5,38
38,30,11.5
38.5,30,12
39,29.5,12
38,29.5,37
39.5,29,13
39.5,30,13
40,30,13.5
40,29,13.5
40.5,30,14
39.5,29,35
40,30,34.5
39.5,30,35
39,30,35.5
39,29.5,36
41,29.5,15
40.5,30,34
41.5,30,16
42,29.5,17
41.5,30,32
41,30,32.5
41,29.5,33
42.5,30,18
42.5,30,19
42.5,29,20
42.5,30,20
43,29,20.5
43,29.5,21
42.5,29,28
42.5,30,28
42.5,30,29
42.5,30,30
42,30,30.5
42,29.5,31
43,29.5,22
43.5,30,23
43.5,30,24
43.5,30,25
43,30,25.5
43,29.5,26
43,29.5,27
5.5,30,21
5,30,22.5
5.5,30,22
5,30.5,24
5,30.5,23
5,30.5,25
5.5,30,26
5.5,31,26
5.5,30,27
6,30,17.5
6.5,30,17
6,30.5,18
5.5,31,20
5.5,31,19
5.5,31,21
5.5,31,22
5.5,31,27
5.5,31,28
5.5,31,29
6,30.5,30
6,31,29.5
6.5,30,31
6.5,31,31
7,30,15.5
7.5,30,15
7,30.5,16
6.5,31,17
7,30.5,32
7,31,31.5
7.5,30,33
7.5,31,33
8,30.5,14
7.5,31,15
8,30.5,34
8,31,33.5
8.5,31,35
9,30,12.5
8.5,31,13
9,31,12.5
9,31,35.5
9.5,30,36
9.5,31,36
9.5,31,12
10,31,11.5
10,30,36.5
10,31,36.5
10.5,30,37
10.5,31,37
10.5,31,11
11,31,10.5
11,30,37.5
11,31,37.5
11.5,30,38
11.5,31,38
11.5,31,10
12,31,9.5
12,30,38.5
12,31,38.5
12.5,30,39
12.5,31,39
12.5,31,9
13,31,8.5
13,31,39.5
14,30.5,8
15,30,7.5
14,30.5,40
15,30,40.5
14.5,31,8
15,31,7.5
15.5,30,41
15,31,40.5
16,30.5,7
17,30,6.5
16,30.5,41
17,30,41.5
16.5,31,7
17,31,6.5
17.5,30,42
17,31,41.5
18,30.5,6
18,30.5,42
18.5,31,6
19,31,5.5
20,31,5.5
20,31,42.5
19,31,42.5
21,31,5.5
21,30,5.5
21,30,42.5
21,31,42.5
22,31,5.5
22,30,5.5
22,29.5,43
22,30,42.5
22,31,42.5
22.5,30,43
23,30.5,5
24,30.5,5
23,30.5,43
25,30.5,5
26,31,5.5
26,30,5.5
27,31,5.5
27,30,5.5
26,30,42.5
25.5,30,43
26,29.5,43
27,30,42.5
27,31,42.5
26,31,42.5
25,30.5,43
28,31,5.5
28,31,42.5
29,31,5.5
29,31,42.5
29.5,31,6
30,30.5,6
31,31,6.5
31,30,6.5
31.5,31,7
32,30.5,7
31,30,41.5
30.5,30,42
31,31,41.5
30,30.5,42
33,31,7.5
33,30,7.5
33.5,31,8
34,30.5,8
33,30,40.5
32.5,30,41
33,31,40.5
32,30.5,41
35,31,8.5
35.5,31,9
35,31,39.5
34,30.5,40
36,31,9.5
36.5,31,10
36,30,38.5
35.5,30,39
36,31,38.5
35.5,31,39
37,31,10.5
37.5,31,11
37,30,37.5
36.5,30,38
37,31,37.5
36.5,31,38
38,31,11.5
38.5,31,12
38,30,36.5
37.5,30,37
38,31,36.5
37.5,31,37
39,31,12.5
39,30,12.5
39.5,31,13
38.5,30,36
39,31,35.5
38.5,31,36
40,30.5,14
39.5,31,35
40.5,30,15
40.5,31,15
41,30,15.5
41,30.5,16
40.5,30,33
40.5,31,33
40,31,33.5
40,30.5,34
41.5,30,17
41.5,31,17
42,30,17.5
42,30.5,18
41.5,30,31
41.5,31,31
41,31,31.5
41,30.5,32
42.5,31,19
42.5,31,20
42.5,30,21
42.5,31,21
42.5,31,22
42.5,30,22
43,30,22.5
43,30.5,23
42.5,30,26
42.5,31,26
42.5,31,27
42.5,30,27
42.5,31,28
42.5,31,29
42,31,29.5
42,30.5,30
43,30.5,24
43,30.5,25
5.5,31,23
5.5,31,24
5.5,31,25
6,31,18.5
6.5,31,18
6,31.5,20
6,31.5,19
5.5,32,22
5.5,32,21
5.5,32,23
5.5,32,24
5.5,32,25
5.5,32,26
5.5,32,27
6,31.5,28
6,32,27.5
6,31.5,29
6.5,31,30
6.5,32,30
7,31,16.5
7.5,31,16
7,31.5,17
6.5,32,18
7,31.5,31
7,32,30.5
7.5,31,32
7.5,32,32
8,31,14.5
8.5,31,14
8,31.5,15
7.5,32,16
8,31.5,33
8,32,32.5
8.5,31,34
8.5,32,34
9,31.5,13
8.5,32,14
9,31.5,35
9,32,34.5
9.5,32,13
10,32,12.5
10,31.5,12
10,31.5,36
10.5,32,12
11,32,11.5
11,31.5,11
11,31.5,37
11.5,32,11
12,32,10.5
12,31.5,10
12,31.5,38
12.5,32,10
13,32,9.5
13,31.5,9
14,31,8.5
13,31.5,39
14,31,39.5
13.5,32,9
14,32,8.5
14.5,31,40
14,32,39.5
15,31.5,8
16,31,7.5
15,31.5,40
16,31,40.5
15.5,32,8
16,32,7.5
16.5,31,41
16,32,40.5
17,31.5,7
18,31,6.5
17,31.5,41
18,31,41.5
17.5,32,7
18,32,6.5
18.5,31,42
18,32,41.5
19,31.5,6
20,31.5,6
19,31.5,42
20.5,32,6
21,32,5.5
22,32,5.5
22,32,42.5
21,32,42.5
23,32,5.5
23,31,5.5
23,31,42.5
23,32,42.5
24,32,5.5
24,31,5.5
24,30.5,43
24,31,42.5
24,32,42.5
25,32,5.5
25,31,5.5
25,31,42.5
25,32,42.5
26,32,5.5
26,32,42.5
27,32,5.5
27,32,42.5
27.5,32,6
28,31.5,6
29,31.5,6
30,32,6.5
30,31,6.5
30.5,32,7
31,31.5,7
30,31,41.5
29.5,31,42
30,32,41.5
29,31.5,42
32,32,7.5
32,31,7.5
32.5,32,8
33,31.5,8
32,31,40.5
31.5,31,41
32,32,40.5
31,31.5,41
34,32,8.5
34,31,8.5
34.5,32,9
35,31.5,9
34,31,39.5
33.5,31,40
34,32,39.5
33,31.5,40
35,32,9.5
35.5,32,10
36,31.5,10
35,31.5,39
36,32,10.5
36.5,32,11
37,31.5,11
36,31.5,38
37,32,11.5
37.5,32,12
38,31.5,12
37,31.5,37
38,32,12.5
38.5,32,13
39,31.5,13
38,31.5,36
39.5,31,14
39.5,32,14
40,31,14.5
40,31.5,15
39.5,31,34
39.5,32,34
39,32,34.5
39,31.5,35
40.5,31,16
40.5,32,16
41,31,16.5
41,31.5,17
40.5,31,32
40.5,32,32
40,32,32.5
40,31.5,33
41.5,31,18
41.5,32,18
42,31,18.5
42,31.5,19
41.5,31,30
41.5,32,30
41,32,30.5
41,31.5,31
42,31.5,20
42.5,32,21
42.5,32,22
42.5,31,23
42.5,32,23
42.5,32,24
42.5,31,24
42.5,32,25
42.5,31,25
42.5,32,26
42.5,32,27
42,32,27.5
42,31.5,28
42,31.5,29
6.5,32,19
6,32,20.5
6.5,32,20
6,32.5,22
6,32.5,21
6,32.5,23
6,32.5,24
6,32.5,25
6,32.5,26
6,32.5,27
6.5,32,28
6.5,33,28
6.5,32,29
7,32,17.5
7.5,32,17
7,32.5,18
6.5,33,20
6.5,33,19
6.5,33,29
7,32.5,30
7,33,29.5
7.5,32,31
7.5,33,31
8,32,15.5
8.5,32,15
8,32.5,16
7.5,33,17
8,32.5,32
8,33,31.5
8.5,32,33
8.5,33,33
9,32,13.5
9,32.5,14
8.5,33,15
9,32.5,34
9,33,33.5
9.5,32,35
9.5,33,35
9.5,33,13
10,33,12.5
10,32,35.5
10,33,35.5
10.5,32,36
10.5,33,36
10.5,33,12
11,33,11.5
11,32,36.5
11,33,36.5
11.5,32,37
11.5,33,37
11.5,33,11
12,33,10.5
12,32,37.5
12,33,37.5
12.5,32,38
12.5,33,38
12.5,33,10
13,33,9.5
13,32,38.5
13,33,38.5
13.5,32,39
14,32.5,9
15,32,8.5
14,32.5,39
15,32,39.5
14.5,33,9
15,33,8.5
15.5,32,40
15,33,39.5
16,32.5,8
17,32,7.5
16,32.5,40
17,32,40.5
16.5,33,8
17,33,7.5
17.5,32,41
17,33,40.5
18,32.5,7
19,32,6.5
18,32.5,41
19,32,41.5
18.5,33,7
19,33,6.5
20,33,6.5
20,32,6.5
20,31.5,42
20,32,41.5
20,33,41.5
19,33,41.5
20.5,32,42
21,32.5,6
22,32.5,6
21,32.5,42
23,32.5,6
24,32.5,6
25,32.5,6
26,32.5,6
27,32.5,6
28,33,6.5
28,32,6.5
29,33,6.5
29,32,6.5
28,32,41.5
27.5,32,42
28,31.5,42
29,32,41.5
29,33,41.5
28,33,41.5
27,32.5,42
29.5,33,7
30,32.5,7
31,33,7.5
31,32,7.5
31.5,33,8
32,32.5,8
31,32,40.5
30.5,32,41
31,33,40.5
30,32.5,41
33,33,8.5
33,32,8.5
33.5,33,9
34,32.5,9
33,32,39.5
32.5,32,40
33,33,39.5
32,32.5,40
35,33,9.5
35.5,33,10
35,32,38.5
34.5,32,39
35,33,38.5
34,32.5,39
36,33,10.5
36.5,33,11
36,32,37.5
35.5,32,38
36,33,37.5
35.5,33,38
37,33,11.5
37.5,33,12
37,32,36.5
36.5,32,37
37,33,36.5
36.5,33,37
38,33,12.5
38.5,33,13
38,32,35.5
37.5,32,36
38,33,35.5
37.5,33,36
39,32,13.5
39,32.5,14
38.5,32,35
38.5,33,35
39.5,32,15
39.5,33,15
40,32,15.5
40,32.5,16
39.5,32,33
39.5,33,33
39,33,33.5
39,32.5,34
40.5,32,17
40.5,33,17
41,32,17.5
41,32.5,18
40.5,32,31
40.5,33,31
40,33,31.5
40,32.5,32
41.5,32,19
41.5,33,19
41.5,33,20
41.5,32,20
42,32,20.5
42,32.5,21
41.5,32,28
41.5,33,28
41.5,33,29
41.5,32,29
41,33,29.5
41,32.5,30
42,32.5,22
42,32.5,23
42,32.5,24
42,32.5,25
42,32.5,26
42,32.5,27
6.5,33,21
6.5,33,22
6.5,33,23
6.5,33,24
6.5,33,25
6.5,33,26
6.5,33,27
7,33,18.5
7.5,33,18
7,33.5,20
7,33.5,19
6.5,34,22
6.5,34,21
6.5,34,23
6.5,34,24
6.5,34,25
6.5,34,26
6.5,34,27
7,33.5,28
7,34,27.5
7,33.5,29
7.5,33,30
7.5,34,30
8,33,16.5
8.5,33,16
8,33.5,17
7.5,34,18
8,33.5,31
8,34,30.5
8.5,33,32
8.5,34,32
9,33,14.5
9.5,33,14
9,33.5,15
8.5,34,16
9,33.5,33
9,34,32.5
9.5,33,34
9.5,34,34
10,33.5,13
9.5,34,14
10,33.5,35
10,34,34.5
10.5,34,13
11,34,12.5
11,33.5,12
11,33.5,36
11.5,34,12
12,34,11.5
12,33.5,11
12,33.5,37
12.5,34,11
13,34,10.5
13,33.5,10
14,33,9.5
13,33.5,38
14,33,38.5
13.5,34,10
14,34,9.5
14.5,33,39
14,34,38.5
15,33.5,9
16,33,8.5
15,33.5,39
16,33,39.5
15.5,34,9
16,34,8.5
16.5,33,40
16,34,39.5
17,33.5,8
18,33,7.5
17,33.5,40
18,33,40.5
17.5,34,8
18,34,7.5
18.5,33,41
18,34,40.5
19,33.5,7
20,33.5,7
19,33.5,41
21,33,6.5
21,33,41.5
20.5,34,7
21,34,6.5
22,34,6.5
22,33,6.5
22,32.5,42
22,33,41.5
22,34,41.5
21,34,41.5
23,34,6.5
23,33,6.5
23,33,41.5
23,34,41.5
23,32.5,42
24,34,6.5
24,33,6.5
24,33,41.5
24,34,41.5
24,32.5,42
25,34,6.5
25,33,6.5
25,33,41.5
25,34,41.5
25,32.5,42
26,34,6.5
26,33,6.5
26,33,41.5
26,34,41.5
26,32.5,42
27,34,6.5
27,33,6.5
27,33,41.5
27,34,41.5
27.5,34,7
28,33.5,7
29,33.5,7
30,34,7.5
30,33,7.5
30.5,34,8
31,33.5,8
30,33,40.5
29.5,33,41
30,34,40.5
29,33.5,41
32,34,8.5
32,33,8.5
32.5,34,9
33,33.5,9
32,33,39.5
31.5,33,40
32,34,39.5
31,33.5,40
34,34,9.5
34,33,9.5
34.5,34,10
35,33.5,10
34,33,38.5
33.5,33,39
34,34,38.5
33,33.5,39
35,34,10.5
35.5,34,11
36,33.5,11
35,33.5,38
36,34,11.5
36.5,34,12
37,33.5,12
36,33.5,37
37,34,12.5
37.5,34,13
38,33.5,13
37,33.5,36
38.5,33,14
38.5,34,14
39,33,14.5
39,33.5,15
38.5,33,34
38.5,34,34
38,34,34.5
38,33.5,35
39.5,33,16
39.5,34,16
40,33,16.5
40,33.5,17
39.5,33,32
39.5,34,32
39,34,32.5
39,33.5,33
40.5,33,18
40.5,34,18
41,33,18.5
41,33.5,19
40.5,33,30
40.5,34,30
40,34,30.5
40,33.5,31
41,33.5,20
41.5,33,21
41.5,34,21
41.5,34,22
41.5,33,22
41.5,34,23
41.5,33,23
41.5,34,24
41.5,33,24
41.5,34,25
41.5,33,25
41.5,34,26
41.5,33,26
41.5,34,27
41.5,33,27
41,34,27.5
41,33.5,28
41,33.5,29
7.5,34,19
7,34,20.5
7.5,34,20
7,34.5,22
7,34.5,21
7,34.5,23
7,34.5,24
7,34.5,25
7,34.5,26
7,34.5,27
7.5,34,28
7.5,35,28
7.5,34,29
8,34,17.5
8.5,34,17
8,34.5,19
8,34.5,18
7.5,35,20
8,34.5,29
8,35,28.5
8,34.5,30
8.5,34,31
8.5,35,31
9,34,15.5
9.5,34,15
9,34.5,16
8.5,35,17
9,34.5,32
9,35,31.5
9.5,34,33
9.5,35,33
10,34,13.5
10,34.5,14
9.5,35,15
10,34.5,34
10,35,33.5
10.5,34,35
10.5,35,14
11,35,13.5
11,34.5,13
11,34,35.5
11,34.5,35
11.5,34,36
11.5,35,13
12,35,12.5
12,34.5,12
12,34,36.5
12,34.5,36
12.5,34,37
12.5,35,12
13,35,11.5
13,34.5,11
13,34,37.5
13,34.5,37
13.5,34,38
13.5,35,11
14,35,10.5
14,34.5,10
15,34,9.5
14,34.5,38
15,34,38.5
14.5,35,10
15,35,9.5
15.5,34,39
15,35,38.5
16,34.5,9
17,34,8.5
16,34.5,39
17,34,39.5
16.5,35,9
17,35,8.5
17.5,34,40
17,35,39.5
18,34.5,8
19,34.5,8
19,34,7.5
18,34.5,40
19,34,40.5
20,34,7.5
20,33.5,41
20,34,40.5
19.5,35,8
20,35,7.5
20.5,34,41
20,35,40.5
21,34.5,7
22,34.5,7
21,34.5,41
23,34.5,7
24,34.5,7
25,34.5,7
26,34.5,7
27,34.5,7
28,35,7.5
28,34,7.5
28.5,35,8
29,34.5,8
29,34,7.5
28,34,40.5
27.5,34,41
28,33.5,41
29,34,40.5
28,35,40.5
27,34.5,41
30,34.5,8
31,35,8.5
31,34,8.5
31.5,35,9
32,34.5,9
31,34,39.5
30.5,34,40
31,35,39.5
30,34.5,40
33,35,9.5
33,34,9.5
33.5,35,10
34,34.5,10
33,34,38.5
32.5,34,39
33,35,38.5
32,34.5,39
34,35,10.5
34.5,35,11
35,34.5,11
35,34,37.5
34.5,34,38
34,34.5,38
35,35,11.5
35.5,35,12
36,34.5,12
36,34,36.5
35.5,34,37
35,34.5,37
36,35,12.5
36.5,35,13
37,34.5,13
37,34,35.5
36.5,34,36
36,34.5,36
37,35,13.5
37.5,35,14
38,34.5,14
38,34,13.5
37.5,34,35
37,34.5,35
38.5,34,15
38.5,35,15
39,34,15.5
39,34.5,16
38.5,34,33
38.5,35,33
38,35,33.5
38,34.5,34
39.5,34,17
39.5,35,17
40,34,17.5
40,34.5,18
39.5,34,31
39.5,35,31
39,35,31.5
39,34.5,32
40.5,34,19
40,34.5,19
40.5,34,20
40.5,35,20
41,34,20.5
41,34.5,21
40.5,34,28
40.5,35,28
40,35,28.5
40,34.5,29
40.5,34,29
40,34.5,30
41,34.5,22
41,34.5,23
41,34.5,24
41,34.5,25
41,34.5,26
41,34.5,27
7.5,35,21
7.5,35,22
7.5,35,23
7.5,35,24
7.5,35,25
7.5,35,26
7.5,35,27
8.5,35,18
8,35,19.5
8.5,35,19
8,35.5,21
8,35.5,20
8,35.5,22
8,35.5,23
8,35.5,24
8,35.5,25
8,35.5,26
8,35.5,27
8,35.5,28
8.5,35,29
8.5,36,29
8.5,35,30
9,35,16.5
9.5,35,16
9,35.5,18
9,35.5,17
8.5,36,19
9,35.5,30
9,36,29.5
9,35.5,31
9.5,35,32
10,35,14.5
10,35.5,16
10,35.5,15
9.5,36,17
10,36,16.5
10,35.5,33
10,35.5,32
10.5,35,34
10.5,36,15
11,36,14.5
11,35.5,14
11,35,34.5
11,35.5,34
11.5,35,35
11.5,36,14
12,36,13.5
12,35.5,13
12,35,35.5
12,35.5,35
12.5,35,36
12.5,36,13
13,36,12.5
13,35.5,12
13,35,36.5
13,35.5,36
13.5,35,37
13.5,36,12
14,36,11.5
14,35.5,11
14,35,37.5
14,35.5,37
14.5,35,38
14.5,36,11
15,36,10.5
15,35.5,10
16,35.5,10
16,35,9.5
15,35.5,38
16,35,38.5
16.5,35,39
16.5,36,10
17,36,9.5
17,35.5,9
18,35.5,9
18,35,8.5
17,35.5,39
18,35,39.5
19,35,8.5
19,34.5,40
19,35,39.5
18.5,36,9
19,36,8.5
19.5,35,40
19,36,39.5
20,35.5,8
21,35.5,8
21,35,7.5
20,35.5,40
21,35,40.5
22,35.5,8
22,35,7.5
22,34.5,41
22,35,40.5
23,35.5,8
23,35,7.5
23,35,40.5
23,34.5,41
24,35.5,8
24,35,7.5
24,35,40.5
24,34.5,41
25,35.5,8
25,35,7.5
25,35,40.5
25,34.5,41
26,35.5,8
26,35,7.5
26,35,40.5
26,34.5,41
27,35.5,8
27,35,7.5
27,35,40.5
28,35.5,8
29,36,8.5
29,35,8.5
29.5,36,9
30,35.5,9
30,35,8.5
29,35,39.5
28.5,35,40
29,34.5,40
30,35,39.5
29,36,39.5
28,35.5,40
31,35.5,9
31,36,9.5
31.5,36,10
32,35.5,10
32,35,9.5
33,35.5,10
32,35,38.5
31.5,35,39
31,35.5,39
33,36,10.5
33.5,36,11
34,35.5,11
34,35,37.5
33.5,35,38
33,35.5,38
34,36,11.5
34.5,36,12
35,35.5,12
35,35,36.5
34.5,35,37
34,35.5,37
35,36,12.5
35.5,36,13
36,35.5,13
36,35,35.5
35.5,35,36
35,35.5,36
36,36,13.5
36.5,36,14
37,35.5,14
37,35,34.5
36.5,35,35
36,35.5,35
37,36,14.5
37.5,36,15
38,35.5,15
38,35,14.5
37.5,35,34
37,35.5,34
38.5,35,16
38,35.5,16
38,36,16.5
38.5,36,17
39,35.5,17
39,35,16.5
38.5,35,32
38,35.5,32
38,35.5,33
39.5,35,18
39,35.5,18
39.5,35,19
39.5,36,19
40,35,19.5
40,35.5,20
39.5,35,29
39.5,36,29
39,36,29.5
39,35.5,30
39.5,35,30
39,35.5,31
40.5,35,21
40,35.5,21
40,35.5,22
40.5,35,22
40,35.5,23
40.5,35,23
40,35.5,24
40.5,35,24
40,35.5,25
40.5,35,25
40,35.5,26
40.5,35,26
40,35.5,27
40.5,35,27
40,35.5,28
8.5,36,20
8.5,36,21
8.5,36,22
8.5,36,23
8.5,36,24
8.5,36,25
8.5,36,26
8.5,36,27
8.5,36,28
9,36,18.5
9.5,36,18
9,36.5,20
9,36.5,19
9,36.5,21
8.5,37,23
8.5,37,22
8.5,37,24
8.5,37,25
8.5,37,26
9,36.5,27
9,37,26.5
9,36.5,28
9,36.5,29
9.5,36,30
9.5,36,31
10.5,36,16
10,36.5,18
10,36.5,17
9.5,37,19
10,37,18.5
10,36.5,31
10,36.5,30
10,36,31.5
10.5,36,32
10.5,36,33
11,36.5,16
11,36.5,15
10.5,37,17
11,37,16.5
11,36.5,33
11,36.5,32
11,36,33.5
11.5,36,34
11.5,37,15
12,37,14.5
12,36.5,14
12,36,34.5
12,36.5,34
12.5,36,35
12.5,37,14
13,37,13.5
13,36.5,13
13,36,35.5
13,36.5,35
13.5,36,36
13.5,37,13
14,37,12.5
14,36.5,12
14,36,36.5
14,36.5,36
14.5,36,37
14.5,37,12
15,37,11.5
15,36.5,11
16,36.5,11
16,36,10.5
15,36,37.5
15,36.5,37
16,35.5,38
16,36,37.5
16.5,36,38
16.5,37,11
17,37,10.5
17,36.5,10
18,36.5,10
18,36,9.5
17,36,38.5
17,36.5,38
18,35.5,39
18,36,38.5
18.5,36,39
18.5,37,10
19,37,9.5
19,36.5,9
20,36.5,9
20,36,8.5
19,36.5,39
20,36,39.5
21,36.5,9
21,36,8.5
21,35.5,40
21,36,39.5
22,36,8.5
22,36,39.5
22,35.5,40
21.5,37,9
22,37,8.5
23,37,8.5
23,36,8.5
23,36,39.5
23,37,39.5
22,37,39.5
23,35.5,40
24,37,8.5
24,36,8.5
24,36,39.5
24,37,39.5
24,35.5,40
25,37,8.5
25,36,8.5
25,36,39.5
25,37,39.5
25,35.5,40
26,37,8.5
26,36,8.5
26,36,39.5
26,37,39.5
26,35.5,40
26.5,37,9
27,36.5,9
27,36,8.5
27,36,39.5
27,35.5,40
28,36.5,9
28,36,8.5
28,36,39.5
29,36.5,9
29,37,9.5
29.5,37,10
30,36.5,10
30,36,9.5
31,36.5,10
30,36,38.5
29.5,36,39
30,35.5,39
31,36,38.5
29,36.5,39
31,37,10.5
31.5,37,11
32,36.5,11
32,36,10.5
33,36.5,11
32,36,37.5
31.5,36,38
32,35.5,38
33,36,37.5
31,36.5,38
33,37,11.5
33.5,37,12
34,36.5,12
34,36,36.5
33.5,36,37
33,36.5,37
34,37,12.5
34.5,37,13
35,36.5,13
35,36,35.5
34.5,36,36
34,36.5,36
35,37,13.5
35.5,37,14
36,36.5,14
36,36,34.5
35.5,36,35
35,36.5,35
36,37,14.5
36.5,37,15
37,36.5,15
37,36,33.5
36.5,36,34
36,36.5,34
37,36.5,16
37.5,36,16
37,37,16.5
37.5,37,17
38,36.5,17
38,36,31.5
37.5,36,32
37,36.5,32
37,36.5,33
37.5,36,33
38,36.5,18
38.5,36,18
38,37,18.5
38.5,37,19
39,36.5,19
39,36,18.5
38.5,36,30
38,36.5,30
38,36.5,31
38.5,36,31
39.5,36,20
39,36.5,20
39,36.5,21
39.5,36,21
39.5,36,22
39.5,37,22
39.5,37,23
39.5,36,23
39.5,37,24
39.5,36,24
39.5,37,25
39.5,36,25
39.5,37,26
39.5,36,26
39,37,26.5
39,36.5,27
39.5,36,27
39,36.5,28
39.5,36,28
39,36.5,29
9.5,37,20
9,37,21.5
9.5,37,21
9,37.5,23
9,37.5,22
9,37.5,24
9,37.5,25
9,37.5,26
9.5,37,27
9.5,37,28
9.5,37,29
10.5,37,18
10,37.5,20
10,37.5,19
10,37.5,21
9.5,38,22
10,38,21.5
10,37.5,28
10,37.5,27
10,37.5,29
10,37,29.5
10.5,37,30
10.5,37,31
11.5,37,16
11,37.5,18
11,37.5,17
10.5,38,19
11,38,18.5
11,37.5,31
11,37.5,30
11,37,31.5
11.5,37,32
11.5,37,33
12,37.5,16
12,37.5,15
11.5,38,17
12,38,16.5
12,37.5,33
12,37.5,32
12,37,33.5
12.5,37,34
12.5,38,15
13,38,14.5
13,37.5,14
13,37,34.5
13,37.5,34
13.5,37,35
13.5,38,14
14,38,13.5
14,37.5,13
14,37,35.5
14,37.5,35
14.5,37,36
14.5,38,13
15,38,12.5
15,37.5,12
16,37.5,12
16,37,11.5
15,37,36.5
15,37.5,36
16,36.5,37
16,37,36.5
16.5,37,37
16.5,38,12
17,38,11.5
17,37.5,11
18,37.5,11
18,37,10.5
17,37,37.5
17,37.5,37
18,36.5,38
18,37,37.5
18.5,37,38
18.5,38,11
19,38,10.5
19,37.5,10
20,37.5,10
20,37,9.5
19,37,38.5
19,37.5,38
20,36.5,39
20,37,38.5
21,37.5,10
21,37,9.5
21,37,38.5
21,36.5,39
21.5,37,39
21.5,38,10
22,38,9.5
22,37.5,9
23,37.5,9
22,37.5,39
24,37.5,9
25,37.5,9
26,37.5,9
26,38,9.5
26.5,38,10
27,37.5,10
27,37,9.5
28,37.5,10
28,37,9.5
27,37,38.5
26.5,37,39
27,36.5,39
28,37,38.5
26,37.5,39
28,36.5,39
29,37.5,10
29,37,38.5
29,38,10.5
29.5,38,11
30,37.5,11
30,37,10.5
31,37.5,11
30,37,37.5
29.5,37,38
30,36.5,38
31,37,37.5
29,37.5,38
31,38,11.5
31.5,38,12
32,37.5,12
32,37,11.5
33,37.5,12
32,37,36.5
31.5,37,37
32,36.5,37
33,37,36.5
31,37.5,37
33,38,12.5
33.5,38,13
34,37.5,13
34,37,35.5
33.5,37,36
33,37.5,36
34,38,13.5
34.5,38,14
35,37.5,14
35,37,34.5
34.5,37,35
34,37.5,35
35,38,14.5
35.5,38,15
36,37.5,15
36,37,33.5
35.5,37,34
35,37.5,34
36,37.5,16
36.5,37,16
36,38,16.5
36.5,38,17
37,37.5,17
37,37,31.5
36.5,37,32
36,37.5,32
36,37.5,33
36.5,37,33
37,37.5,18
37.5,37,18
37,38,18.5
37.5,38,19
38,37.5,19
38,37,29.5
37.5,37,30
37,37.5,30
37,37.5,31
37.5,37,31
38,37.5,20
38.5,37,20
38,37.5,21
38.5,37,21
38,38,21.5
38.5,38,22
39,37.5,22
39,37,21.5
38.5,37,27
38,37.5,27
38,37.5,28
38.5,37,28
38,37.5,29
38.5,37,29
39,37.5,23
39,37.5,24
39,37.5,25
39,37.5,26
9.5,38,23
9.5,38,24
9.5,38,25
9.5,38,26
10.5,38,20
10.5,38,21
10,38.5,23
10,38.5,22
10,38.5,24
10,38.5,25
10,38.5,26
10,38,26.5
10.5,38,27
10.5,38,28
10.5,38,29
11.5,38,18
11,38.5,20
11,38.5,19
11,38.5,21
10.5,39,22
11,39,21.5
11,38.5,28
11,38.5,27
11,38.5,29
11,38,29.5
11.5,38,30
11.5,38,31
12.5,38,16
12,38.5,18
12,38.5,17
11.5,39,19
12,39,18.5
12,38.5,31
12,38.5,30
12,38,31.5
12.5,38,32
12.5,38,33
13,38.5,16
13,38.5,15
14,38.5,15
12.5,39,17
13,39,16.5
13,38.5,33
13,38.5,32
13,38,33.5
13.5,38,34
14,38.5,14
15,38.5,14
14,38,34.5
14,38.5,34
14.5,38,35
15,38.5,13
16,38.5,13
16,38,12.5
15,38,35.5
15,38.5,35
16,37.5,36
16,38,35.5
16.5,38,36
16.5,39,13
17,39,12.5
17,38.5,12
18,38.5,12
18,38,11.5
17,38,36.5
17,38.5,36
18,37.5,37
18,38,36.5
18.5,38,37
18.5,39,12
19,39,11.5
19,38.5,11
20,38.5,11
20,38,10.5
19,38,37.5
19,38.5,37
20,37.5,38
20,38,37.5
21,38.5,11
21,38,10.5
21,38,37.5
21,37.5,38
21.5,38,38
21.5,39,11
22,39,10.5
22,38.5,10
23,38.5,10
23,38,9.5
22,38,38.5
22,38.5,38
23,37.5,39
23,38,38.5
24,38.5,10
24,38,9.5
24,38,38.5
24,37.5,39
25,38.5,10
25,38,9.5
25,38,38.5
25,37.5,39
26,38.5,10
26,38,38.5
26,39,10.5
26.5,39,11
27,38.5,11
27,38,10.5
28,38.5,11
28,38,10.5
27,38,37.5
26.5,38,38
27,37.5,38
28,38,37.5
26,38.5,38
28,37.5,38
29,38.5,11
29,38,37.5
29,39,11.5
29.5,39,12
30,38.5,12
30,38,11.5
31,38.5,12
30,38,36.5
29.5,38,37
30,37.5,37
31,38,36.5
29,38.5,37
31,39,12.5
31.5,39,13
32,38.5,13
32,38,12.5
33,38.5,13
32,38,35.5
31.5,38,36
32,37.5,36
33,38,35.5
31,38.5,36
33,38.5,14
34,38.5,14
34,38,34.5
33.5,38,35
33,38.5,35
34,38.5,15
35,38.5,15
35,38,33.5
34.5,38,34
34,38.5,34
35,38.5,16
35.5,38,16
35,39,16.5
35.5,39,17
36,38.5,17
36,38,31.5
35.5,38,32
35,38.5,32
35,38.5,33
35.5,38,33
36,38.5,18
36.5,38,18
36,39,18.5
36.5,39,19
37,38.5,19
37,38,29.5
36.5,38,30
36,38.5,30
36,38.5,31
36.5,38,31
37,38.5,20
37.5,38,20
37,38.5,21
37.5,38,21
37,39,21.5
37.5,39,22
38,38.5,22
38,38,26.5
37.5,38,27
37,38.5,27
37,38.5,28
37.5,38,28
37,38.5,29
37.5,38,29
38,38.5,23
38.5,38,23
38,38.5,24
38.5,38,24
38,38.5,25
38.5,38,25
38,38.5,26
38.5,38,26
10.5,39,23
10.5,39,24
10.5,39,25
10.5,39,26
11.5,39,20
11.5,39,21
11,39.5,23
11,39.5,22
12,39.5,22
11,39.5,24
11,39.5,25
11,39.5,26
11,39,26.5
11.5,39,27
11.5,39,28
11.5,39,29
12.5,39,18
12,39.5,20
12,39.5,19
13,39.5,19
12,39.5,21
12,39.5,28
12,39.5,27
12,39.5,29
12,39,29.5
12.5,39,30
12.5,39,31
13.5,39,16
14,39,15.5
13,39.5,18
13,39.5,17
14,39.5,17
13,39.5,31
13,39.5,30
13,39,31.5
13.5,39,32
14,38.5,33
14.5,39,15
15,39,14.5
14,39.5,16
15,39.5,16
14,39,32.5
14,39.5,32
14.5,39,33
15,38.5,34
15.5,39,14
16,39,13.5
15,39.5,15
16,39.5,15
15,39,33.5
15,39.5,33
15.5,39,34
16,38.5,35
16,39.5,14
17,39.5,14
16,39,34.5
16,39.5,34
16.5,39,35
17,39.5,13
18,39.5,13
18,39,12.5
17,39,35.5
17,39.5,35
18,38.5,36
18,39,35.5
19,39.5,13
18.5,39,36
19,39.5,12
20,39.5,12
20,39,11.5
19,39,36.5
19,39.5,36
20,38.5,37
20,39,36.5
21,39.5,12
21,39,11.5
21,39,36.5
21,38.5,37
22,39.5,12
21.5,39,37
22,39.5,11
23,39.5,11
23,39,10.5
22,39,37.5
22,39.5,37
23,38.5,38
23,39,37.5
24,39.5,11
24,39,10.5
24,39,37.5
24,38.5,38
25,39.5,11
25,39,10.5
25,39,37.5
25,38.5,38
26,39.5,11
26,39,37.5
26,39.5,12
27,39,11.5
27,39.5,12
28,39.5,12
28,39,11.5
27,39,36.5
26.5,39,37
27,38.5,37
28,39,36.5
26,39.5,37
28,38.5,37
29,39.5,12
29,39,36.5
29,39.5,13
30,39,12.5
30,39.5,13
31,39.5,13
30,39,35.5
29.5,39,36
30,38.5,36
31,39,35.5
29,39.5,36
31,39.5,14
32,39,13.5
32,39.5,14
32.5,39,14
32,39,34.5
31.5,39,35
32,38.5,35
31,39.5,35
32,39.5,15
33,39,14.5
33,39.5,15
33.5,39,15
33,39,33.5
32.5,39,34
33,38.5,34
32,39.5,34
33,39.5,16
34,39,15.5
34,39.5,16
34.5,39,16
34,39,32.5
33.5,39,33
34,38.5,33
33,39.5,33
34,39.5,17
35,39.5,17
35,39,31.5
34.5,39,32
34,39.5,32
35,39.5,18
35.5,39,18
35,39.5,19
36,39.5,19
36,39,29.5
35.5,39,30
35,39.5,30
35,39.5,31
35.5,39,31
36,39.5,20
36.5,39,20
36,39.5,21
36.5,39,21
36,39.5,22
37,39.5,22
37,39,26.5
36.5,39,27
36,39.5,27
36,39.5,28
36.5,39,28
36,39.5,29
36.5,39,29
37,39.5,23
37.5,39,23
37,39.5,24
37.5,39,24
37,39.5,25
37.5,39,25
37,39.5,26
37.5,39,26
12,39.5,23
12,39.5,24
12,39.5,25
12,39.5,26
12.5,40,20
13,40,19.5
12.5,40,21
12.5,40,22
12.5,40,23
12.5,40,24
12.5,40,25
12.5,40,26
12.5,40,27
12.5,40,28
13,39.5,29
13.5,40,18
14,40,17.5
13.5,40,19
13,40.5,21
13,40.5,20
14,40.5,20
13,40.5,22
13,40.5,23
13,40.5,24
13,40.5,25
13,40.5,26
13,40.5,27
13,40.5,28
13,40,28.5
13.5,40,29
13.5,40,30
14,39.5,31
14.5,40,17
15,40,16.5
14,40.5,19
14,40.5,18
15,40.5,18
14,40.5,30
14,40.5,29
14,40,30.5
14.5,40,31
15,39.5,32
15.5,40,16
16,40,15.5
15,40.5,17
16,40.5,17
15,40,31.5
15,40.5,31
15.5,40,32
16,39.5,33
16.5,40,15
17,40,14.5
16,40.5,16
17,40.5,16
16,40,32.5
16,40.5,32
16.5,40,33
17,39.5,34
17.5,40,14
18,40,13.5
17,40.5,15
18,40.5,15
17,40,33.5
17,40.5,33
17.5,40,34
18,39.5,35
18,40.5,14
19,40.5,14
19,40,13.5
18,40,34.5
18,40.5,34
19,39.5,35
19,40,34.5
19.5,40,13
20,40,12.5
20,40.5,14
19.5,40,35
20,39.5,36
20,40.5,13
21,40.5,13
21,40,12.5
20,40,35.5
20,40.5,35
21,39.5,36
21,40,35.5
22,40.5,13
22,40,12.5
22,40,35.5
22,39.5,36
23,39.5,12
23,40.5,13
23,40,12.5
23,40,35.5
23,39.5,36
23,39.5,37
24,39.5,12
24,40.5,13
24,40,12.5
24,40,35.5
24,39.5,36
24,39.5,37
25,39.5,12
25,40.5,13
25,40,12.5
25,40,35.5
25,39.5,36
25,39.5,37
26,40.5,13
26,40,12.5
26,40,35.5
26,39.5,36
27,40.5,13
27,40,12.5
27,40,35.5
27,39.5,36
28,40.5,13
28,40,12.5
28,40,35.5
28,39.5,36
28.5,40,13
28,40.5,14
29,40,13.5
29,40.5,14
30,40.5,14
30,40,13.5
29,40,34.5
28.5,40,35
29,39.5,35
30,40,34.5
28,40.5,35
30,39.5,35
30.5,40,14
30,40.5,15
31,40,14.5
31,40.5,15
31.5,40,15
31,40,33.5
30.5,40,34
31,39.5,34
30,40.5,34
31,40.5,16
32,40,15.5
32,40.5,16
32.5,40,16
32,40,32.5
31.5,40,33
32,39.5,33
31,40.5,33
32,40.5,17
33,40,16.5
33,40.5,17
33.5,40,17
33,40,31.5
32.5,40,32
33,39.5,32
32,40.5,32
33,40.5,18
34,40,17.5
34,40.5,18
34.5,40,18
34,40,30.5
33.5,40,31
34,39.5,31
33,40.5,31
34,40.5,19
34.5,40,19
34,40.5,20
35,40,19.5
35,40.5,20
35.5,40,20
35,40,28.5
34.5,40,29
35,39.5,29
34,40.5,29
34,40.5,30
34.5,40,30
35,40.5,21
35.5,40,21
35,40.5,22
35.5,40,22
35,40.5,23
35.5,40,23
36,39.5,23
35,40.5,24
35.5,40,24
36,39.5,24
35,40.5,25
35.5,40,25
36,39.5,25
35,40.5,26
35.5,40,26
36,39.5,26
35,40.5,27
35.5,40,27
35,40.5,28
35.5,40,28
13.5,41,21
14,41,20.5
13.5,41,22
13.5,41,23
13.5,41,24
13.5,41,25
13.5,41,26
13.5,41,27
14,40.5,28
14.5,41,19
15,41,18.5
14.5,41,20
14,41.5,22
14,41.5,21
15,41.5,21
14,41.5,23
14,41.5,24
14,41.5,25
14,41.5,26
14,41.5,27
14,41,27.5
14.5,41,28
14.5,41,29
15,40.5,30
15.5,41,18
16,41,17.5
15,41.5,20
15,41.5,19
16,41.5,19
15,41.5,29
15,41.5,28
15,41,29.5
15.5,41,30
16,40.5,31
16.5,41,17
17,41,16.5
16,41.5,18
17,41.5,18
16,41,30.5
16,41.5,30
16.5,41,31
17,40.5,32
17.5,41,16
18,41,15.5
17,41.5,17
18,41.5,17
17,41,31.5
17,41.5,31
17.5,41,32
18,40.5,33
18.5,41,15
19,41,14.5
18,41.5,16
19,41.5,16
18,41,32.5
18,41.5,32
18.5,41,33
19,40.5,34
19,41.5,15
20,41.5,15
20,41,14.5
19,41,33.5
19,41.5,33
20,40.5,34
20,41,33.5
20.5,41,14
21,41,13.5
21,41.5,15
20.5,41,34
21,40.5,35
21,41.5,14
22,41.5,14
22,41,13.5
21,41,34.5
21,41.5,34
22,40.5,35
22,41,34.5
23,41.5,14
23,41,13.5
23,41,34.5
23,40.5,35
24,41.5,14
24,41,13.5
24,41,34.5
24,40.5,35
25,41.5,14
25,41,13.5
25,41,34.5
25,40.5,35
26,41.5,14
26,41,13.5
26,41,34.5
26,40.5,35
27,41.5,14
27,41,13.5
27,41,34.5
27,40.5,35
27.5,41,14
27,41.5,15
28,41,14.5
28,41.5,15
29,41.5,15
29,41,14.5
28,41,33.5
27.5,41,34
28,40.5,34
29,41,33.5
27,41.5,34
29,40.5,34
29.5,41,15
29,41.5,16
30,41,15.5
30,41.5,16
30.5,41,16
30,41,32.5
29.5,41,33
30,40.5,33
29,41.5,33
30,41.5,17
31,41,16.5
31,41.5,17
31.5,41,17
31,41,31.5
30.5,41,32
31,40.5,32
30,41.5,32
31,41.5,18
32,41,17.5
32,41.5,18
32.5,41,18
32,41,30.5
31.5,41,31
32,40.5,31
31,41.5,31
32,41.5,19
33,41,18.5
33,41.5,19
33.5,41,19
33,41,29.5
32.5,41,30
33,40.5,30
32,41.5,30
33,41.5,20
33.5,41,20
33,41.5,21
34,41,20.5
34,41.5,21
34.5,41,21
34,41,27.5
33.5,41,28
34,40.5,28
33,41.5,28
33,41.5,29
33.5,41,29
34,41.5,22
34.5,41,22
34,41.5,23
34.5,41,23
34,41.5,24
34.5,41,24
34,41.5,25
34.5,41,25
34,41.5,26
34.5,41,26
34,41.5,27
34.5,41,27
15,41.5,22
15,41.5,23
15,41.5,24
15,41.5,25
15,41.5,26
15,41.5,27
15.5,42,21
16,42,20.5
16,41.5,20
15.5,42,22
15.5,42,23
15.5,42,24
15.5,42,25
15.5,42,26
15.5,42,27
16,41.5,28
16,41.5,29
16.5,42,19
17,42,18.5
16.5,42,20
16,42.5,22
16,42.5,21
17,42.5,21
16,42.5,23
16,42.5,24
16,42.5,25
16,42.5,26
16,42.5,27
16,42,27.5
16.5,42,28
16.5,42,29
17,41.5,30
17.5,42,18
18,42,17.5
17,42.5,20
17,42.5,19
18,42.5,19
17,42.5,29
17,42.5,28
17,42,29.5
17.5,42,30
18,41.5,31
18.5,42,17
19,42,16.5
18,42.5,18
19,42.5,18
18,42,30.5
18,42.5,30
18.5,42,31
19,41.5,32
20,41.5,16
19,42.5,17
20,42.5,17
20,42,16.5
19,42,31.5
19,42.5,31
20,41.5,32
20,42,31.5
20,41.5,33
20.5,42,16
21,42,15.5
21,42.5,17
20.5,42,32
21,41.5,33
22,41.5,15
21,42.5,16
22,42.5,16
22,42,15.5
21,42,32.5
21,42.5,32
22,41.5,33
22,42,32.5
22,41.5,34
23,41.5,15
23,42.5,16
23,42,15.5
23,42,32.5
23,41.5,33
23,41.5,34
24,41.5,15
24,42.5,16
24,42,15.5
24,42,32.5
24,41.5,33
24,41.5,34
25,41.5,15
25,42.5,16
25,42,15.5
25,42,32.5
25,41.5,33
25,41.5,34
26,41.5,15
26,42.5,16
26,42,15.5
26,42,32.5
26,41.5,33
26,41.5,34
27,42.5,16
27,42,15.5
27,42,32.5
27,41.5,33
27.5,42,16
28,41.5,33
28,41.5,16
27,42.5,17
28,42,16.5
28,42.5,17
29,42.5,17
29,42,16.5
28,42,31.5
27.5,42,32
28,41.5,32
29,42,31.5
27,42.5,32
29,41.5,32
29.5,42,17
29,42.5,18
30,42,17.5
30,42.5,18
30.5,42,18
30,42,30.5
29.5,42,31
30,41.5,31
29,42.5,31
30,42.5,19
31,42,18.5
31,42.5,19
31.5,42,19
31,42,29.5
30.5,42,30
31,41.5,30
30,42.5,30
31,42.5,20
31.5,42,20
32,41.5,20
31,42.5,21
32,42,20.5
32,42.5,21
32.5,42,21
32,42,27.5
31.5,42,28
32,41.5,28
31,42.5,28
31,42.5,29
31.5,42,29
32,41.5,29
32,42.5,22
32.5,42,22
33,41.5,22
32,42.5,23
32.5,42,23
33,41.5,23
32,42.5,24
32.5,42,24
33,41.5,24
32,42.5,25
32.5,42,25
33,41.5,25
32,42.5,26
32.5,42,26
33,41.5,26
32,42.5,27
32.5,42,27
33,41.5,27
17,42.5,22
17,42.5,23
17,42.5,24
17,42.5,25
17,42.5,26
17,42.5,27
18,42.5,20
18,42.5,21
17.5,43,23
18,43,22.5
18,42.5,22
17.5,43,24
17.5,43,25
18,42.5,26
18,42.5,27
18,42.5,28
18,42.5,29
19,42.5,19
18.5,43,21
19,43,20.5
19,42.5,20
18.5,43,22
18,43.5,24
18,43.5,23
19,43.5,23
18,43.5,25
18,43,25.5
18.5,43,26
18.5,43,27
19,42.5,28
19,42.5,29
19,42.5,30
20,42.5,18
19.5,43,20
20,43,19.5
20,42.5,19
19,43.5,22
19,43.5,21
20,43.5,21
19,43.5,27
19,43.5,26
19,43,27.5
19.5,43,28
20,42.5,29
20,42.5,30
20,42.5,31
20.5,43,19
21,43,18.5
21,42.5,18
20,43.5,20
21,43.5,20
20,43,28.5
20,43.5,28
20.5,43,29
21,42.5,30
21,42.5,31
22,42.5,17
22,42.5,18
21,43.5,19
22,43.5,19
22,43,18.5
21,43,29.5
21,43.5,29
22,42.5,30
22,43,29.5
22,42.5,31
22,42.5,32
22.5,43,18
23,43,17.5
23,42.5,17
23,43.5,19
22.5,43,30
23,42.5,31
23,42.5,32
24,42.5,17
23,43.5,18
24,43.5,18
24,43,17.5
23,43,30.5
23,43.5,30
24,42.5,31
24,43,30.5
24,42.5,32
25,42.5,17
25,43.5,18
25,43,17.5
25,43,30.5
25,42.5,31
25,42.5,32
26,42.5,17
25.5,43,18
26,42.5,31
26,42.5,32
26,42.5,18
25,43.5,19
26,43,18.5
27,42.5,18
26,43.5,19
27,43.5,19
27,43,18.5
26,43,29.5
25.5,43,30
26,42.5,30
27,43,29.5
25,43.5,30
27,42.5,30
27,42.5,31
28,42.5,18
27.5,43,19
28,42.5,30
28,42.5,31
28,42.5,19
27,43.5,20
28,43,19.5
29,42.5,19
28,43.5,20
28.5,43,20
28,43,28.5
27.5,43,29
28,42.5,29
29,42.5,29
27,43.5,29
29,42.5,30
29,42.5,20
28,43.5,21
29,43,20.5
30,42.5,20
29,43.5,21
29.5,43,21
29,43,27.5
28.5,43,28
29,42.5,28
30,42.5,28
28,43.5,28
30,42.5,29
30,42.5,21
29,43.5,22
29.5,43,22
30,42.5,22
29,43.5,23
30,43,22.5
31,42.5,22
30,43.5,23
30.5,43,23
30,43,25.5
29.5,43,26
30,42.5,26
31,42.5,26
29,43.5,26
29,43.5,27
29.5,43,27
30,42.5,27
31,42.5,27
31,42.5,23
30,43.5,24
30.5,43,24
31,42.5,24
30,43.5,25
30.5,43,25
31,42.5,25
19,43.5,24
19,43.5,25
20,43.5,22
20,43.5,23
20,43.5,24
20,43.5,25
20,43.5,26
20,43.5,27
21,43.5,21
21,43.5,22
21,43.5,23
21,43.5,24
21,43.5,25
21,43.5,26
21,43.5,27
21,43.5,28
22,43.5,20
22,43.5,21
22,43.5,22
22,43.5,23
22,43.5,24
22,43.5,25
22,43.5,26
22,43.5,27
22,43.5,28
22,43.5,29
23,43.5,20
23,43.5,21
23,43.5,22
23,43.5,23
23,43.5,24
23,43.5,25
23,43.5,26
23,43.5,27
23,43.5,28
23,43.5,29
24,43.5,19
24,43.5,20
24,43.5,21
24,43.5,22
24,43.5,23
24,43.5,24
24,43.5,25
24,43.5,26
24,43.5,27
24,43.5,28
24,43.5,29
24,43.5,30
25,43.5,20
25,43.5,21
25,43.5,22
25,43.5,23
25,43.5,24
25,43.5,25
25,43.5,26
25,43.5,27
25,43.5,28
25,43.5,29
26,43.5,20
26,43.5,21
26,43.5,22
26,43.5,23
26,43.5,24
26,43.5,25
26,43.5,26
26,43.5,27
26,43.5,28
26,43.5,29
27,43.5,21
27,43.5,22
27,43.5,23
27,43.5,24
27,43.5,25
27,43.5,26
27,43.5,27
27,43.5,28
28,43.5,22
28,43.5,23
28,43.5,24
28,43.5,25
28,43.5,26
28,43.5,27
29,43.5,24
29,43.5,25
